Taxa name,P-code,Definition (2010),10-35m,25-130m,110-324m
Calocarides spinulicauda,P001,Calocarides spinulicauda,,8.764602406,
Acidostoma hancocki,P002,Acidostoma hancocki,22.50179154,16.80141051,
Acila castrensis,P003,Acila castrensis,,-10.71143118,25.25984358
Aricidea (Acmira) catherinae,P004,Aricidea (Acmira); all taxa within the subgenus,40.79202483,32.30160093,0.57741083
Aricidea (Acmira) cerrutii,P004,Aricidea (Acmira); all taxa within the subgenus,40.79202483,32.30160093,0.57741083
Aricidea (Acmira) horikoshii,P004,Aricidea (Acmira); all taxa within the subgenus,40.79202483,32.30160093,0.57741083
Aricidea (Acmira) lopezi,P004,Aricidea (Acmira); all taxa within the subgenus,40.79202483,32.30160093,0.57741083
Aricidea (Acmira) rubra,P004,Aricidea (Acmira); all taxa within the subgenus,40.79202483,32.30160093,0.57741083
Aricidea (Acmira) simplex,P004,Aricidea (Acmira); all taxa within the subgenus,40.79202483,32.30160093,0.57741083
Aricidea (Acmira) sp,P004,Aricidea (Acmira); all taxa within the subgenus,40.79202483,32.30160093,0.57741083
Aricidea (Acmira) sp SD1,P004,Aricidea (Acmira); all taxa within the subgenus,40.79202483,32.30160093,0.57741083
Aricidea (Acmira) sp SD2,P004,Aricidea (Acmira); all taxa within the subgenus,40.79202483,32.30160093,0.57741083
Aricidea (Acmira) sp SD3,P004,Aricidea (Acmira); all taxa within the subgenus,40.79202483,32.30160093,0.57741083
Acoetes pacifica,P005,Acoetes pacifica,,-11.32911728,-14.79636932
Acteocina cerealis,P006,Acteocina culcitella,-2.061053407,14.80586526,16.97116966
Acteocina culcitella,P006,Acteocina culcitella,-2.061053407,14.80586526,16.97116966
Acteocina harpa,P007,Acteocina harpa,6.559296966,32.7650907,
Acteocina inculta,P008,Acteocina inculta,57.34264302,,
Acteon traskii,P009,Acteon traskii,35.3439514,5.71502123,
Adontorhina cyclia,P011,Adontorhina cyclia,,-21.11558089,-7.525786745
Aricidea (Aedicira ) pacifica,P012,Aricidea (Aedicira) pacifica,,14.40520831,
Aglaja ocelligera,P013,Aglaja ocelligera,27.96006073,35.63636091,57.82386364
Aglaophamus erectans,P014,Aglaophamus erectans,,,18.99415172
Aglaophamus verrilli,P015,Aglophamus verrilli,,-16.5376813,-0.670267894
Alia tuberosa,P016,Alia tuberosa,120.919349,148.1797369,
Aricidea (Allia) antennata,P017,Aricidea (Allia) antennata,,-7.950453779,9.390053931
Aricidea (Allia) hartleyi,P018,Aricidea (Allia) hartleyi,,-8.218886508,
Aricidea (Allia) sp A,P019,Aricidea (Allia) sp A  SCAMIT 1996,16.41637254,-4.761212056,-7.787916303
Strongylocentrotus fragilis,P020,Allocentrotus fragilis,,,23.61781263
Alvania compacta,P021,Alvania compacta,,-5.606906616,
Alvania rosana,P022,Alvania rosana,,-46.50147149,-22.99111636
Amaeana occidentalis,P023,Amaeana occidentalis,1.429501678,27.96298006,-11.62162228
Amage anops,P024,Amage anops,10.95949763,21.93076898,-14.18200316
Ampelisca agassizi,P025,Ampelisca agassizi,-3.158556347,3.78701425,-7.875277847
Ampelisca brachycladus,P026,Ampelisca brachycladus,17.96878756,18.38589365,
Ampelisca brevisimulata,P027,Ampelisca brevisimulata,19.942732,17.41832963,-5.104562921
Ampelisca cf brevisimulata,P027,Ampelisca brevisimulata,19.942732,17.41832963,-5.104562921
Ampelisca careyi,P028,Ampelisca careyi,16.11326105,-11.30254868,-7.788808807
Ampelisca cristata cristata,P029,Ampelisca cristata cristata and A. cristata microdentata,15.06660773,20.01738704,
Ampelisca cristata microdentata,P029,Ampelisca cristata cristata and A. cristata microdentata,15.06660773,20.01738704,
Ampelisca hancocki,P030,Ampelisca hancocki; all forms referred to under this name,22.38559716,-10.34017983,-11.70963951
Ampelisca indentata,P031,Ampelisca indentata,17.30663889,-10.48289682,
Ampelisca milleri,P032,Ampelisca milleri,6.108687396,2.921402972,
Ampelisca pacifica,P033,Ampelisca pacifica,50.37699288,-7.966473654,-2.442327853
Ampelisca pugetica,P034,Ampelisca pugetica,13.23733803,-1.666887718,-31.24388681
Ampelisca romigi,P035,Ampelisca romigi,43.92832049,13.55283289,
Ampelisca unsocalae,P037,Ampelisca unsocalae,25.65085288,18.98649138,28.10017547
Ampelisciphotis podophthalma,P038,Ampelisciphotis podophthalma,12.46267081,-0.109591109,
Ampharete acutifrons,P039,Ampharete acutifrons,,-8.77056626,22.66454404
Ampharete finmarchica,P040,Ampharete finmarchica,10.09351462,14.72625786,-5.019667423
Ampharete labrops,P041,Ampharete labrops,52.32792817,52.4628037,
Amphichondrius granulatus,P042,Amphichondrius granulatus,,-18.63707535,-15.27666964
Amphicteis glabra,P043,Amphicteis glabra,,-1.617726739,
Amphicteis scaphobranchiata,P044,Amphicteis scaphobranchiata,33.30273761,29.01421626,7.223136079
Amphideutopus oculatus,P045,Amphideutopus oculatus,-1.140956158,8.27881907,-5.244228124
Amphiodia digitata,P046,Amphiodia; all taxa within the genus,48.71258849,-8.564699037,-12.22541824
Amphiodia psara,P046,Amphiodia; all taxa within the genus,48.71258849,-8.564699037,-12.22541824
Amphiodia sp,P046,Amphiodia; all taxa within the genus,48.71258849,-8.564699037,-12.22541824
Amphiodia urtica,P046,Amphiodia; all taxa within the genus,48.71258849,-8.564699037,-12.22541824
Amphioplus sp,P047,Amphioplus; all taxa within the genus,1.128189276,2.344453159,-3.790621597
Amphioplus sp A,P047,Amphioplus; all taxa within the genus,1.128189276,2.344453159,-3.790621597
Amphioplus strongyloplax,P047,Amphioplus; all taxa within the genus,1.128189276,2.344453159,-3.790621597
Amphipholis pugetana,P048,Amphipholis; all taxa within the genus,19.6936241,-9.340818387,-10.03964746
Amphipholis squamata,P048,Amphipholis; all taxa within the genus,19.6936241,-9.340818387,-10.03964746
Amphissa undata,P049,Amphissa undata,3.051220554,-20.77628586,76.17220007
Amphissa versicolor,P050,Amphissa versicolor,,0.285948778,
Amphiura arcystata,P051,Amphiura arcystata,22.06976177,-24.90503179,-28.86239531
Amygdalum politum,P052,Amygdalum politum,,-23.37394045,-20.05590057
Anchicolurus occidentalis,P053,Anchicolurus occidentalis,-39.12706863,,
Ancistrosyllis groenlandica,P054,Ancistrosyllis; all taxa within the genus,40.10103515,56.32509127,25.80314495
Ancistrosyllis hamata,P054,Ancistrosyllis; all taxa within the genus,40.10103515,56.32509127,25.80314495
Ancistrosyllis sp,P054,Ancistrosyllis; all taxa within the genus,40.10103515,56.32509127,25.80314495
Anobothrus gracilis,P055,Anobothrus gracilis,,-11.15637239,8.29188909
Anonyx lilljeborgi,P056,Anonyx lilljeborgi,,-24.38118623,
Anotomastus gordiodes,P057,Anotomastus gordiodes,-11.04298826,11.23355285,
Aoroides columbiae,P058,Aoroides; all taxa within the genus,0.806286714,14.17370493,-25.96555185
Aoroides exilis,P058,Aoroides; all taxa within the genus,0.806286714,14.17370493,-25.96555185
Aoroides inermis,P058,Aoroides; all taxa within the genus,0.806286714,14.17370493,-25.96555185
Aoroides intermedia,P058,Aoroides; all taxa within the genus,0.806286714,14.17370493,-25.96555185
Aoroides secundus,P058,Aoroides; all taxa within the genus,0.806286714,14.17370493,-25.96555185
Aoroides sp,P058,Aoroides; all taxa within the genus,0.806286714,14.17370493,-25.96555185
Aoroides sp A,P058,Aoroides; all taxa within the genus,0.806286714,14.17370493,-25.96555185
Aoroides spinosa,P058,Aoroides; all taxa within the genus,0.806286714,14.17370493,-25.96555185
Aphelochaeta glandaria Cmplx,P059,"Aphelochaeta, Monticellina; all taxa within the genera",68.80357744,85.58269517,39.28049587
Aphelochaeta monilaris,P059,"Aphelochaeta, Monticellina; all taxa within the genera",68.80357744,85.58269517,39.28049587
Aphelochaeta petersenae,P059,"Aphelochaeta, Monticellina; all taxa within the genera",68.80357744,85.58269517,39.28049587
Aphelochaeta phillipsi,P059,"Aphelochaeta, Monticellina; all taxa within the genera",68.80357744,85.58269517,39.28049587
Aphelochaeta sp,P059,"Aphelochaeta, Monticellina; all taxa within the genera",68.80357744,85.58269517,39.28049587
Aphelochaeta sp HYP2,P059,"Aphelochaeta, Monticellina; all taxa within the genera",68.80357744,85.58269517,39.28049587
Aphelochaeta sp LA1,P059,"Aphelochaeta, Monticellina; all taxa within the genera",68.80357744,85.58269517,39.28049587
Aphelochaeta sp LA2,P059,"Aphelochaeta, Monticellina; all taxa within the genera",68.80357744,85.58269517,39.28049587
Aphelochaeta sp SD13,P059,"Aphelochaeta, Monticellina; all taxa within the genera",68.80357744,85.58269517,39.28049587
Aphelochaeta sp SD14,P059,"Aphelochaeta, Monticellina; all taxa within the genera",68.80357744,85.58269517,39.28049587
Aphelochaeta sp SD15,P059,"Aphelochaeta, Monticellina; all taxa within the genera",68.80357744,85.58269517,39.28049587
Aphelochaeta sp SD16,P059,"Aphelochaeta, Monticellina; all taxa within the genera",68.80357744,85.58269517,39.28049587
Aphelochaeta sp SD17,P059,"Aphelochaeta, Monticellina; all taxa within the genera",68.80357744,85.58269517,39.28049587
Aphelochaeta sp SD3,P059,"Aphelochaeta, Monticellina; all taxa within the genera",68.80357744,85.58269517,39.28049587
Aphelochaeta sp SD5,P059,"Aphelochaeta, Monticellina; all taxa within the genera",68.80357744,85.58269517,39.28049587
Aphelochaeta tigrina,P059,"Aphelochaeta, Monticellina; all taxa within the genera",68.80357744,85.58269517,39.28049587
Aphelochaeta williamsae,P059,"Aphelochaeta, Monticellina; all taxa within the genera",68.80357744,85.58269517,39.28049587
Monticellina cryptica,P059,"Aphelochaeta, Monticellina; all taxa within the genera",68.80357744,85.58269517,39.28049587
Monticellina serratiseta,P059,"Aphelochaeta, Monticellina; all taxa within the genera",68.80357744,85.58269517,39.28049587
Monticellina siblina,P059,"Aphelochaeta, Monticellina; all taxa within the genera",68.80357744,85.58269517,39.28049587
Monticellina sp,P059,"Aphelochaeta, Monticellina; all taxa within the genera",68.80357744,85.58269517,39.28049587
Monticellina sp 1,P059,"Aphelochaeta, Monticellina; all taxa within the genera",68.80357744,85.58269517,39.28049587
Monticellina sp SD10,P059,"Aphelochaeta, Monticellina; all taxa within the genera",68.80357744,85.58269517,39.28049587
Monticellina sp SD4,P059,"Aphelochaeta, Monticellina; all taxa within the genera",68.80357744,85.58269517,39.28049587
Monticellina sp SD7,P059,"Aphelochaeta, Monticellina; all taxa within the genera",68.80357744,85.58269517,39.28049587
Monticellina sp SD8,P059,"Aphelochaeta, Monticellina; all taxa within the genera",68.80357744,85.58269517,39.28049587
Monticellina sp SD9,P059,"Aphelochaeta, Monticellina; all taxa within the genera",68.80357744,85.58269517,39.28049587
Monticellina tesselata,P059,"Aphelochaeta, Monticellina; all taxa within the genera",68.80357744,85.58269517,39.28049587
Aphrodita armifera,P060,Aphrodita; all taxa within the genus,11.37759756,3.339510846,
Aphrodita castanea,P060,Aphrodita; all taxa within the genus,11.37759756,3.339510846,
Aphrodita longipalpa,P060,Aphrodita; all taxa within the genus,11.37759756,3.339510846,
Aphrodita refulgida,P060,Aphrodita; all taxa within the genus,11.37759756,3.339510846,
Aphrodita sp,P060,Aphrodita; all taxa within the genus,11.37759756,3.339510846,
Aphrodita sp A,P060,Aphrodita; all taxa within the genus,11.37759756,3.339510846,
Apistobranchus ornatus,P061,Apistobranchus ornatus,6.122298534,-21.01640865,
Chaetoderma elegans,P062,"Chaetoderma, Falcidens, Limifossor; all taxa within the genera",37.87627117,19.19628494,9.937923055
Chaetoderma marinelli,P062,"Chaetoderma, Falcidens, Limifossor; all taxa within the genera",37.87627117,19.19628494,9.937923055
Chaetoderma nanulum,P062,"Chaetoderma, Falcidens, Limifossor; all taxa within the genera",37.87627117,19.19628494,9.937923055
Chaetoderma pacificum,P062,"Chaetoderma, Falcidens, Limifossor; all taxa within the genera",37.87627117,19.19628494,9.937923055
Chaetoderma sp,P062,"Chaetoderma, Falcidens, Limifossor; all taxa within the genera",37.87627117,19.19628494,9.937923055
Chaetoderma sp A,P062,"Chaetoderma, Falcidens, Limifossor; all taxa within the genera",37.87627117,19.19628494,9.937923055
Chaetoderma sp SD1,P062,"Chaetoderma, Falcidens, Limifossor; all taxa within the genera",37.87627117,19.19628494,9.937923055
Falcidens hartmanae,P062,"Chaetoderma, Falcidens, Limifossor; all taxa within the genera",37.87627117,19.19628494,9.937923055
Falcidens longus,P062,"Chaetoderma, Falcidens, Limifossor; all taxa within the genera",37.87627117,19.19628494,9.937923055
Falcidens macracanthos,P062,"Chaetoderma, Falcidens, Limifossor; all taxa within the genera",37.87627117,19.19628494,9.937923055
Falcidens sp,P062,"Chaetoderma, Falcidens, Limifossor; all taxa within the genera",37.87627117,19.19628494,9.937923055
Limifossor fratula,P062,"Chaetoderma, Falcidens, Limifossor; all taxa within the genera",37.87627117,19.19628494,9.937923055
Lirobittium calenum,P062,"Chaetoderma, Falcidens, Limifossor; all taxa within the genera",37.87627117,19.19628494,9.937923055
Apoprionospio pygmaea,P063,Apoprionospio pygmaea,17.20755342,26.20345803,
Arabella sp,P064,Arabella; all taxa within the genus,48.89289328,36.42176764,
Araphura breviaria,P065,Araphura breviaria,13.83486723,-0.355800641,6.653105705
Araphura cuspirostris,P066,Araphura cuspirostris,,-3.327214869,3.929001197
Argissa hamatipes,P067,Argissa hamatipes,22.7500815,26.15344977,
Arhynchite californicus,P068,Arhynchite californicus,,,59.5369282
Aricidea (Aricidea) sp SD3,P069,Aricidea  (Aricidea) wassi,12.97300784,24.5192545,
Aricidea (Aricidea) wassi,P069,Aricidea  (Aricidea) wassi,12.97300784,24.5192545,
Armandia brevis,P070,Armandia brevis,129.0264951,142.0152919,138.4682043
Armina californica,P071,Armina californica,43.96745352,32.5003269,
Artacamella hancocki,P072,Artacamella hancocki,3.05299094,-9.908481997,-26.74754024
Aruga holmesi,P073,Aruga holmesi,,-18.75054181,-22.39580117
Aruga oculata,P074,Aruga oculata,26.5277293,10.51258802,
Asabellides lineata,P075,Asabellides lineata,19.75905693,-18.58553162,-6.904741394
Asteropella slatteryi,P076,Asteropella slatteryi,-6.062034943,0.32239808,16.42499203
Astropecten verrilli,P077,Astropecten verrilli,-5.981553408,6.53794015,-14.05260359
Autolytus sp,P078,Autolytus; all taxa within the genus,,3.836445912,
Axinopsida serricata,P079,Axinopsida serricata,69.74568306,26.96465537,60.36019459
Bathyleberis cf garthi,P080,"Bathyleberis, Xenoleberis; all taxa within the genera",45.95417502,30.60998521,-15.44545681
Bathyleberis hancocki,P080,"Bathyleberis, Xenoleberis; all taxa within the genera",45.95417502,30.60998521,-15.44545681
Bathyleberis sp,P080,"Bathyleberis, Xenoleberis; all taxa within the genera",45.95417502,30.60998521,-15.44545681
Bathyleberis sp LA1,P080,"Bathyleberis, Xenoleberis; all taxa within the genera",45.95417502,30.60998521,-15.44545681
Xenoleberis californica,P080,"Bathyleberis, Xenoleberis; all taxa within the genera",45.95417502,30.60998521,-15.44545681
Bathymedon pumilus,P081,Bathymedon pumilus,,-15.11194956,-14.91960668
Bathymedon vulpeculus,P082,Bathymedon vulpeculus,,,2.840225934
Bemlos audbettius,P083,Bemlos audbettius,-3.388355346,-4.470415368,-43.2135693
Lirobittium larum,P084,"Bittium, Lirobittium; all taxa within the genera",-3.566568381,15.54375213,18.10484605
Lirobittium rugatum,P084,"Bittium, Lirobittium; all taxa within the genera",-3.566568381,15.54375213,18.10484605
Lirobittium sp,P084,"Bittium, Lirobittium; all taxa within the genera",-3.566568381,15.54375213,18.10484605
Blepharipoda occidentalis,P085,Blepharipoda occidentalis,-21.34549467,,
Boccardia basilaria,P086,Boccardia basilaria,50.74630982,39.31772813,
Boccardiella hamata,P087,Boccardiella hamata,,,89.00062449
Brada pluribranchiata,P088,Brada pluribranchiata,,-42.15124933,
Brada villosa,P089,Brada villosa,29.28069325,-5.333834745,
Branchiostoma californiense,P090,Branchiostoma californiense,-19.47973767,,
Brisaster latifrons,P091,Brisaster latifrons; all taxa within the genera,,,2.950057132
Brisaster sp,P091,Brisaster latifrons; all taxa within the genera,,,2.950057132
Brisaster townsendi,P091,Brisaster latifrons; all taxa within the genera,,,2.950057132
Brissopsis pacifica,P092,Brissopsis pacifica,,,-8.769752298
Byblis millsi,P093,Byblis veleronis; B. millsi,33.432269,-4.664513984,-34.45625134
Byblis veleronis,P093,Byblis veleronis; B. millsi,33.432269,-4.664513984,-34.45625134
Micranellum crebricinctum,P094,Caecum crebricinctum,2.90643104,-15.13318912,-34.56798149
Calinaticina oldroydii,P095,Calinaticina oldroydii,36.24947174,23.88273383,
Calyptraea fastigiata,P096,Calyptraea fastigiata,26.7877493,19.64748751,
Campylaspis canaliculata,P097,Campylaspis canaliculata,-2.015836168,-6.270542547,
Campylaspis hartae,P098,Campylaspis hartae,,-16.9174972,
Campylaspis rubromaculata,P099,Campylaspis rubromaculata,4.168179769,-2.481095628,-13.52059586
Campylaspis maculinodulosa,P100,Campylaspis maculinoduosa,24.64014276,,
Metacarcinus gracilis,P101,Cancer gracilis,3.260233517,38.09389287,
Romaleon jordani,P102,Cancer jordani,8.275840797,10.78271487,
Capitella teleta,P103,Capitella; all taxa within the genus,67.14508245,83.76980623,89.49453515
Carazziella sp A,P104,Carazziella; all taxa within the genus,54.94728994,29.1406919,
Cardiomya pectinata,P105,Cardiomya; all taxa within the genus,,-0.675630991,9.59975414
Cardiomya planetica,P105,Cardiomya; all taxa within the genus,,-0.675630991,9.59975414
Cardiomya sp,P105,Cardiomya; all taxa within the genus,,-0.675630991,9.59975414
Caudina arenicola,P106,Caudina arenicola,,18.24933012,
Caulleriella alata,P107,"Caulleriella alata, C. pacifica",103.3385772,137.8462764,
Caulleriella pacifica,P107,"Caulleriella alata, C. pacifica",103.3385772,137.8462764,
Chaetozone hartmanae,P108,Chaetozone hartmanae,,-8.593857267,0.115623808
Cephalophoxoides homilis,P109,Cephalophoxoides homilis,,-29.65361575,-34.18424732
Cerapus tubularis Cmplx,P110,Cerapus tubularis; all forms referred to under this name,-13.82492847,12.1769702,
Arachnanthus sp A,P111,Ceriantharia; all taxa within the order,36.18064797,12.45712726,-18.35194347
Ceriantharia,P111,Ceriantharia; all taxa within the order,36.18064797,12.45712726,-18.35194347
Ceriantharia sp C,P111,Ceriantharia; all taxa within the order,36.18064797,12.45712726,-18.35194347
Ceriantharia sp N,P111,Ceriantharia; all taxa within the order,36.18064797,12.45712726,-18.35194347
Cerithiopsis sp,P112,Cerithiopsis; all taxa within the genus,,13.55415226,
Chaetopterus variopedatus Cmplx,P113,Chaetopterus variopedatus,28.56221603,,
Chaetozone armata,P114,Chaetozone armata,31.05342644,28.73412082,
Chaetozone corona,P115,Chaetozone corona,35.96697261,51.06824513,
Chaetozone commonalis,P116,"Chaetozone setosa; all forms except: C. armata, C. corona, C. hartmanae, C. sp",25.08138731,28.68180877,2.773794415
Chaetozone hedgpethi,P116,"Chaetozone setosa; all forms except: C. armata, C. corona, C. hartmanae, C. sp",25.08138731,28.68180877,2.773794415
Chaetozone lunula,P116,"Chaetozone setosa; all forms except: C. armata, C. corona, C. hartmanae, C. sp",25.08138731,28.68180877,2.773794415
Chaetozone senticosa,P116,"Chaetozone setosa; all forms except: C. armata, C. corona, C. hartmanae, C. sp",25.08138731,28.68180877,2.773794415
Chaetozone setosa Cmplx,P116,"Chaetozone setosa; all forms except: C. armata, C. corona, C. hartmanae, C. sp",25.08138731,28.68180877,2.773794415
Chaetozone sp SD1,P116,"Chaetozone setosa; all forms except: C. armata, C. corona, C. hartmanae, C. sp",25.08138731,28.68180877,2.773794415
Chaetozone sp SD2,P116,"Chaetozone setosa; all forms except: C. armata, C. corona, C. hartmanae, C. sp",25.08138731,28.68180877,2.773794415
Chaetozone sp SD3,P116,"Chaetozone setosa; all forms except: C. armata, C. corona, C. hartmanae, C. sp",25.08138731,28.68180877,2.773794415
Chaetozone sp SD4,P116,"Chaetozone setosa; all forms except: C. armata, C. corona, C. hartmanae, C. sp",25.08138731,28.68180877,2.773794415
Chaetozone sp SD5,P116,"Chaetozone setosa; all forms except: C. armata, C. corona, C. hartmanae, C. sp",25.08138731,28.68180877,2.773794415
Chaetozone sp SD6,P116,"Chaetozone setosa; all forms except: C. armata, C. corona, C. hartmanae, C. sp",25.08138731,28.68180877,2.773794415
Chione sp,P117,Chione; all taxa within the genus,77.76728829,133.3337268,
Chione undatella,P117,Chione; all taxa within the genus,77.76728829,133.3337268,
Chloeia pinnata,P118,Chloeia pinnata,37.60743944,19.01864652,26.91740939
Chone albocincta,P119,"Chone, Fabrisabella , Jasmineria; all taxa within the genera",4.610313072,14.76184037,26.71684639
Chone bimaculata,P119,"Chone, Fabrisabella , Jasmineria; all taxa within the genera",4.610313072,14.76184037,26.71684639
Chone ecaudata,P119,"Chone, Fabrisabella , Jasmineria; all taxa within the genera",4.610313072,14.76184037,26.71684639
Chone eiffelturris,P119,"Chone, Fabrisabella , Jasmineria; all taxa within the genera",4.610313072,14.76184037,26.71684639
Chone paramollis,P119,"Chone, Fabrisabella , Jasmineria; all taxa within the genera",4.610313072,14.76184037,26.71684639
Chone sp,P119,"Chone, Fabrisabella , Jasmineria; all taxa within the genera",4.610313072,14.76184037,26.71684639
Chone sp B,P119,"Chone, Fabrisabella , Jasmineria; all taxa within the genera",4.610313072,14.76184037,26.71684639
Chone sp SD3,P119,"Chone, Fabrisabella , Jasmineria; all taxa within the genera",4.610313072,14.76184037,26.71684639
Chone trilineata,P119,"Chone, Fabrisabella , Jasmineria; all taxa within the genera",4.610313072,14.76184037,26.71684639
Chone veleronis,P119,"Chone, Fabrisabella , Jasmineria; all taxa within the genera",4.610313072,14.76184037,26.71684639
Fabrisabella sp A,P119,"Chone, Fabrisabella , Jasmineria; all taxa within the genera",4.610313072,14.76184037,26.71684639
Jasmineira sp B,P119,"Chone, Fabrisabella , Jasmineria; all taxa within the genera",4.610313072,14.76184037,26.71684639
Cirratulus multioculatus,P120,Cirratulus; all taxa within the genus,41.27427354,26.88225247,
Cirratulus sp SD1,P120,Cirratulus; all taxa within the genus,41.27427354,26.88225247,
Cirratulus sp SD2,P120,Cirratulus; all taxa within the genus,41.27427354,26.88225247,
Cirriformia sp,P121,Cirriformia; all taxa within the genus,4.347447668,36.39988859,
Cirriformia sp B,P121,Cirriformia; all taxa within the genus,4.347447668,36.39988859,
Cirriformia sp LA1,P121,Cirriformia; all taxa within the genus,4.347447668,36.39988859,
Cirriformia sp SD1,P121,Cirriformia; all taxa within the genus,4.347447668,36.39988859,
Cirriformia sp SD2,P121,Cirriformia; all taxa within the genus,4.347447668,36.39988859,
Cirriformia sp SD3,P121,Cirriformia; all taxa within the genus,4.347447668,36.39988859,
Cirriformia spirabrancha,P121,Cirriformia; all taxa within the genus,4.347447668,36.39988859,
Cirrophorus branchiatus,P122,Cirrophorus branchiatus,,,-2.844197497
Cirrophorus furcatus,P123,Cirrophorus furcatus,15.53020841,20.37528275,
Clymenella complanata,P124,Clymenella complanata,16.85045784,-9.617556224,
Clymenura gracilis,P125,Clymenura gracilis,,-36.01903426,-31.43531477
Compsomyax subdiaphana,P126,Compsomyax subdiaphana,51.79102264,41.18375385,
Conus californicus,P127,Conus californicus,100.2107489,132.7160796,
Cooperella subdiaphana,P128,Cooperella subdiaphana,47.20803189,42.81984901,
Corbula luteola,P129,"Caryocorbula, Juliacorbula,  all taxa within the genera",,34.17464629,
Corbula porcella,P129,"Caryocorbula, Juliacorbula,  all taxa within the genera",,34.17464629,
Laticorophium baconi,P130,Corophiinae; all taxa within the subfamily,25.66352863,34.04024834,
Monocorophium acherusicum,P130,Corophiinae; all taxa within the subfamily,25.66352863,34.04024834,
Monocorophium insidiosum,P130,Corophiinae; all taxa within the subfamily,25.66352863,34.04024834,
Sinocorophium sp,P130,Corophiinae; all taxa within the subfamily,25.66352863,34.04024834,
Corymorpha bigelowi,P131,Corymorpha; all taxa within the genus,6.570994358,-25.34549828,
Corymorpha palma,P131,Corymorpha; all taxa within the genus,6.570994358,-25.34549828,
Corymorpha sp,P131,Corymorpha; all taxa within the genus,6.570994358,-25.34549828,
Cossura candida,P132,Cossura; all taxa within the genus,60.8858179,42.21857237,20.91035519
Cossura sp,P132,Cossura; all taxa within the genus,60.8858179,42.21857237,20.91035519
Cossura sp A,P132,Cossura; all taxa within the genus,60.8858179,42.21857237,20.91035519
Cossuridae,P132,Cossura; all taxa within the genus,60.8858179,42.21857237,20.91035519
Crangon alaskensis,P133,Crangon alaskensis,-0.293758208,,
Crenella decussata,P134,Crenella decussata,35.88348522,8.859293759,
Crepidula glottidiarum,P135,"Crepidula, Crepipatella; all taxa within the genera",31.33821972,30.74217035,
Crepidula onyx,P135,"Crepidula, Crepipatella; all taxa within the genera",31.33821972,30.74217035,
Crepidula perforans,P135,"Crepidula, Crepipatella; all taxa within the genera",31.33821972,30.74217035,
Crepidula sp,P135,"Crepidula, Crepipatella; all taxa within the genera",31.33821972,30.74217035,
Garnotia naticarum,P135,"Crepidula, Crepipatella; all taxa within the genera",31.33821972,30.74217035,
Cryptomya californica,P136,Cryptomya californica,83.42579425,,
Cumella californica,P137,Cumella californica,,-5.010383268,
Cuspidaria parapodema,P138,Cuspidaria parapodema,,18.09486977,20.74575646
Cyclaspis nubila,P139,Cyclaspis nubila,-5.611241303,,
Cyclocardia ventricosa,P140,Cyclocardia ventricosa and C. barbarensis  [Exclude C. sp],,-31.47276207,30.35551858
Cylichna diegensis,P141,Cylichna diegensis,26.47397619,37.12507701,52.20449726
Decamastus gracilis,P142,Decamastus gracilis,74.77713695,54.51864773,58.23361769
Deilocerus planus,P143,Deilocerus planus,29.63553548,0.846042857,
Delectopecten vancouverensis,P144,Delectopecten vancouverensis,,-41.97190894,-4.568018178
Dendraster terminalis,P145,"Dendraster terminalis, D. excentricus, D. sp",-10.24833038,10.44952734,
Dentalium neohexagonum,P146,Dentalium; all taxa within the genus,-2.964478857,8.422606976,5.742597325
Dentalium vallicolens,P146,Dentalium; all taxa within the genus,-2.964478857,8.422606976,5.742597325
Diastylis californica,P147,Diastylis californica,13.30331491,16.93301154,
Diastylis sentosa,P148,Diastylis sentosa,,,-0.712187438
Diastylis pellucida,P149,Diastylis pellucida,,,39.52499191
Diastylis crenellata,P150,Diastylis crenelata,,0.532146723,8.116977777
Diastylopsis tenuis,P151,Diastylopsis tenuis,-33.16293259,18.16787434,
Diopatra ornata,P152,Diopatra ornata,20.15083581,35.95111579,25.34062657
Diopatra splendidissima,P153,Diopatra splendidissima,12.97752409,9.21576186,
Diopatra tridentata,P154,Diopatra tridentata,8.483873557,15.5031389,
Dorvillea (Schistomeringos) annulata,P155,Dorvillea (Schistomeringos); all taxa within the subgenus,114.532634,123.5436299,104.058732
Dorvillea (Schistomeringos) longicornis,P155,Dorvillea (Schistomeringos); all taxa within the subgenus,114.532634,123.5436299,104.058732
Dorvillea (Schistomeringos) sp,P155,Dorvillea (Schistomeringos); all taxa within the subgenus,114.532634,123.5436299,104.058732
Dougaloplus amphacanthus,P156,Dougaloplus; all taxa within the genus,,-47.68791442,-12.45409454
Dougaloplus sp,P156,Dougaloplus; all taxa within the genus,,-47.68791442,-12.45409454
Dougaloplus sp A,P156,Dougaloplus; all taxa within the genus,,-47.68791442,-12.45409454
Drilonereis falcata,P157,Drilonereis; all taxa within the genus,13.249622,19.90622176,0.303232242
Drilonereis filum,P157,Drilonereis; all taxa within the genus,13.249622,19.90622176,0.303232242
Drilonereis longa,P157,Drilonereis; all taxa within the genus,13.249622,19.90622176,0.303232242
Drilonereis mexicana,P157,Drilonereis; all taxa within the genus,13.249622,19.90622176,0.303232242
Drilonereis nuda,P157,Drilonereis; all taxa within the genus,13.249622,19.90622176,0.303232242
Drilonereis sp,P157,Drilonereis; all taxa within the genus,13.249622,19.90622176,0.303232242
Drilonereis sp A,P157,Drilonereis; all taxa within the genus,13.249622,19.90622176,0.303232242
Eclysippe trilobata,P158,Eclysippe trilobata,,-30.67242606,-41.26853476
Edotia sp,P159,Edotia; all taxa within the genus,-9.767040494,8.10908331,
Edotia sp B,P159,Edotia; all taxa within the genus,-9.767040494,8.10908331,
Edotia sp SD1,P159,Edotia; all taxa within the genus,-9.767040494,8.10908331,
Edotia sublittoralis,P159,Edotia; all taxa within the genus,-9.767040494,8.10908331,
Edwardsia californica,P160,Edwardsiidae; all taxa within the family,15.33546266,34.7314178,5.779622911
Edwardsia profunda,P160,Edwardsiidae; all taxa within the family,15.33546266,34.7314178,5.779622911
Edwardsia sp G,P160,Edwardsiidae; all taxa within the family,15.33546266,34.7314178,5.779622911
Edwardsiidae,P160,Edwardsiidae; all taxa within the family,15.33546266,34.7314178,5.779622911
Metedwardsia sp A,P160,Edwardsiidae; all taxa within the family,15.33546266,34.7314178,5.779622911
Scolanthus sp A,P160,Edwardsiidae; all taxa within the family,15.33546266,34.7314178,5.779622911
Ennucula tenuis,P161,Ennucula tenuis,15.5577083,-0.374138022,-4.549085759
Ensis myrae,P162,Ensis myrae,-1.474279215,26.47073571,
Balanoglossus sp,P163,Enteropneusta; all taxa within the class,55.12070874,11.42300989,2.466443016
Enteropneusta,P163,Enteropneusta; all taxa within the class,55.12070874,11.42300989,2.466443016
Hemichordata,P163,Enteropneusta; all taxa within the class,55.12070874,11.42300989,2.466443016
Saccoglossus sp,P163,Enteropneusta; all taxa within the class,55.12070874,11.42300989,2.466443016
Saccoglossus sp SD1,P163,Enteropneusta; all taxa within the class,55.12070874,11.42300989,2.466443016
Schizocardium sp,P163,Enteropneusta; all taxa within the class,55.12070874,11.42300989,2.466443016
Stereobalanus sp,P163,Enteropneusta; all taxa within the class,55.12070874,11.42300989,2.466443016
Ephesiella brevicapitis,P165,Ephesiella brevicapitis,25.95982551,-7.477176404,
Epitoniidae,P166,Epitoniidae; all taxa within the family,1.069702048,29.47561014,
Epitonium (Asperiscala) sp,P166,Epitoniidae; all taxa within the family,1.069702048,29.47561014,
Epitonium (Nitidiscala) sp,P166,Epitoniidae; all taxa within the family,1.069702048,29.47561014,
Epitonium bellastriatum,P166,Epitoniidae; all taxa within the family,1.069702048,29.47561014,
Epitonium berryi,P166,Epitoniidae; all taxa within the family,1.069702048,29.47561014,
Epitonium hindsii,P166,Epitoniidae; all taxa within the family,1.069702048,29.47561014,
Epitonium lowei,P166,Epitoniidae; all taxa within the family,1.069702048,29.47561014,
Epitonium sawinae,P166,Epitoniidae; all taxa within the family,1.069702048,29.47561014,
Nodiscala spongiosa,P166,Epitoniidae; all taxa within the family,1.069702048,29.47561014,
Opalia borealis,P166,Epitoniidae; all taxa within the family,1.069702048,29.47561014,
Opalia funiculata,P166,Epitoniidae; all taxa within the family,1.069702048,29.47561014,
Opalia sp,P166,Epitoniidae; all taxa within the family,1.069702048,29.47561014,
Eranno lagunae,P167,Eranno lagunae,32.36669557,-7.723703188,41.83589177
Ericthonius brasiliensis,P168,Ericthonius brasiliensis,36.22516344,8.888693732,
Ericthonius rubricornis,P169,Ericthonius rubricornis,,,-4.410753427
Erileptus spinosus,P170,Erileptus spinosus,,-11.67449076,
Eteone aestuarina,P171,Eteone; all taxa within the genus,87.00377105,26.8956956,
Eteone brigitteae,P171,Eteone; all taxa within the genus,87.00377105,26.8956956,
Eteone fauchaldi,P171,Eteone; all taxa within the genus,87.00377105,26.8956956,
Eteone leptotes,P171,Eteone; all taxa within the genus,87.00377105,26.8956956,
Eteone pigmentata,P171,Eteone; all taxa within the genus,87.00377105,26.8956956,
Eteone sp,P171,Eteone; all taxa within the genus,87.00377105,26.8956956,
Euchone arenae,P172,Euchone; all taxa within the genus,-11.4032951,-11.52127174,2.22736579
Euchone hancocki,P172,Euchone; all taxa within the genus,-11.4032951,-11.52127174,2.22736579
Euchone incolor,P172,Euchone; all taxa within the genus,-11.4032951,-11.52127174,2.22736579
Euchone limnicola,P172,Euchone; all taxa within the genus,-11.4032951,-11.52127174,2.22736579
Euchone sp,P172,Euchone; all taxa within the genus,-11.4032951,-11.52127174,2.22736579
Euchone sp A,P172,Euchone; all taxa within the genus,-11.4032951,-11.52127174,2.22736579
Euchone sp SD2,P172,Euchone; all taxa within the genus,-11.4032951,-11.52127174,2.22736579
Eudorella pacifica,P173,Eudorella pacifica,,-9.686183588,-8.305996495
Eudorellopsis longirostris,P174,Eudorellopsis longirostris,,-28.9867057,-23.08135728
Eulalia californiensis,P175,Eulalia; all taxa within the genus,13.93495932,7.067245111,9.21336703
Eulalia levicornuta Cmplx,P175,Eulalia; all taxa within the genus,13.93495932,7.067245111,9.21336703
Eulalia quadrioculata,P175,Eulalia; all taxa within the genus,13.93495932,7.067245111,9.21336703
Eulalia sp,P175,Eulalia; all taxa within the genus,13.93495932,7.067245111,9.21336703
Eulalia sp SD1,P175,Eulalia; all taxa within the genus,13.93495932,7.067245111,9.21336703
Eulalia sp SD3,P175,Eulalia; all taxa within the genus,13.93495932,7.067245111,9.21336703
Eulalia sp SD4,P175,Eulalia; all taxa within the genus,13.93495932,7.067245111,9.21336703
Eulima raymondi,P176,Eulima raymondi and E. almo,1.725618189,13.04233227,
Eumida longicornuta,P177,Eumida longicornuta,35.12783264,60.96134771,49.52735957
Eunice americana,P178,Eunice americana,20.62821383,8.116823049,25.88823673
Euphilomedes carcharodonta,P180,Euphilomedes carcharodonta,71.11094079,59.538555,42.63525121
Euphilomedes producta,P181,Euphilomedes producta,,-9.836001156,26.7807708
Euphysa sp A,P182,Euphysa sp A,14.28750618,8.958872871,
Eupolymnia heterobranchia,P183,Eupolymnia heterobranchia,45.74364446,49.09507968,
Eurydice caudata,P184,Eurydice caudata,26.55389816,28.42585783,
Eusarsiella thominx,P185,Eusarsiella thominx,34.02688128,9.690031581,
Eusyllis transecta,P186,Eusyllis transecta,-8.385939469,-7.597650101,
Exogone breviseta,P187,Exogone breviseta,13.05751064,0.059523118,
Exogone dwisula,P188,Exogone dwisula,-8.495506898,11.2166499,
Exogone lourei,P189,Exogone lourei,13.46443628,10.49860275,-2.405420177
Exogone molesta,P190,Exogone molesta,,-10.26071249,
Eyakia robusta,P191,Eyakia robusta,,-40.37800766,-28.60943593
Fauveliopsis glabra,P192,Fauveliopsis; all taxa within the genus,,,-11.48924999
Fauveliopsis sp,P192,Fauveliopsis; all taxa within the genus,,,-11.48924999
Fauveliopsis sp SD1,P192,Fauveliopsis; all taxa within the genus,,,-11.48924999
Foxiphalus cognatus,P193,Foxiphalus cognatus,15.97951557,36.03795601,
Foxiphalus golfensis,P194,Foxiphalus golfensis,12.91025978,19.69430464,
Foxiphalus obtusidens,P195,Foxiphalus obtusidens,15.75432323,24.4921951,23.17603958
Foxiphalus similis,P196,Foxiphalus similis,,-22.41830373,-36.38117959
Gadila aberrans,P197,Cadulus aberrans,19.61596087,26.02717537,-14.54614189
Divariscintilla sp A,P198,Divariscintilla sp A,,,-5.691683749
Gammaropsis ociosa,P199,Gammaropsis ociosa,,-30.87899118,-48.34409824
Gammaropsis thompsoni,P200,Gammaropsis thompsoni,16.34342424,18.12873917,
Gastropteron pacificum,P202,Gastropteron pacificum,15.50136664,12.0059827,11.13931876
Gibberosus myersi,P203,Gibberosus myersi,-18.01668446,,
Gitana calitemplado,P204,Gitana calitemplado,-4.167134595,-8.851052601,
Glottidia albida,P205,Glottidia albida,7.386446284,10.90035428,
Glycera americana,P206,Glycera americana,56.93498581,79.29318472,55.19531197
Glycera macrobranchia,P207,Glycera macrobranchia,-10.03515706,,
Glycera nana,P208,Glycera nana,50.61239139,39.82902283,53.63663555
Glycera oxycephala,P209,Glycera oxycephala,-4.069616121,10.40981222,-67.80110437
Glycinde armigera,P210,Glycinde armigera,19.12903074,19.125962,38.52583165
Glyphocuma sp A,P211,Glyphocuma sp A,,-64.41945595,
Caecognathia crenulatifrons,P212,Caecognathia crenulatifrons,18.38221902,22.647014,9.440042114
Goniada brunnea,P213,Goniada brunnea,-0.839415762,16.61462835,22.47247585
Goniada littorea,P214,Goniada littorea,22.19497039,12.16108286,
Goniada maculata,P215,Goniada maculata,49.2989195,19.32707831,30.5297939
Gymnonereis crosslandi,P216,Gymnonereis crosslandi,64.07576965,14.09059692,14.82199634
Halicoides synopiae,P217,Halicoides synopiae,,-32.46323064,-15.3995094
Haliophasma geminatum,P218,Haliophasma geminatum,26.44202236,1.889962102,-9.185275739
Halistylus pupoideus,P219,Halistylus pupoides,-41.9496603,-15.50744729,
Halosydna brevisetosa,P220,Halosydna brevisetosa,28.44425326,29.22432125,
Hamatoscalpellum californicum,P221,Hamatoscalpellum californicum,42.68430363,2.661494794,-21.4414998
Harpiniopsis fulgens,P222,Harpiniopsis fulgens,,,2.164605143
Hemilamprops californicus,P223,Hemilamprops californicus,-19.87297759,21.19137236,
Hemiproto sp A,P224,Hemiproto sp A,,-29.98167698,-60.33174495
Heptacarpus stimpsoni,P225,Heptacarpus stimpsoni,28.45415488,,
Hesperonoe laevis,P226,Hesperonoe laevis,54.81290569,39.01924743,42.58390285
Heterocrypta occidentalis,P227,Heterocrypta occidentalis,0.911485953,10.43981558,
Heteromastus filobranchus,P228,Heteromastus filobranchus,,118.9428985,80.19123724
Heterophoxus affinis,P229,Heterophoxus; all taxa within the genus,38.8690658,16.35352551,-0.68166177
Heterophoxus ellisi,P229,Heterophoxus; all taxa within the genus,38.8690658,16.35352551,-0.68166177
Heterophoxus oculatus,P229,Heterophoxus; all taxa within the genus,38.8690658,16.35352551,-0.68166177
Heterophoxus sp,P229,Heterophoxus; all taxa within the genus,38.8690658,16.35352551,-0.68166177
Hiatella arctica,P230,Hiatella arctica,58.77860499,12.69824379,
Hippomedon columbianus,P231,Hippomedon; all taxa within the genus,-20.04301185,-2.868398912,-8.714774901
Hippomedon sp,P231,Hippomedon; all taxa within the genus,-20.04301185,-2.868398912,-8.714774901
Hippomedon sp A,P231,Hippomedon; all taxa within the genus,-20.04301185,-2.868398912,-8.714774901
Hippomedon zetesimus,P231,Hippomedon; all taxa within the genus,-20.04301185,-2.868398912,-8.714774901
Hornellia occidentalis,P232,Hornellia occidentalis,-17.40419304,,
Huxleyia munita,P233,Huxleyia munita,,,-66.31851645
Hyalinoecia juvenalis,P235,Hyalinoecia juvenalis,-0.874300214,-9.144497399,
Idarcturus allelomorphus,P236,Idarcturus allelomorphus,,-6.688317289,
Ilyarachna acarina,P237,Ilyarachna acarina,,,-25.50281118
Joeropsis dubia,P238,Joeropsis dubia,37.12574182,29.72342478,
Kurtzia arteaga,P239,Kurtzia arteaga,26.31592911,14.29124329,3.370031541
Kurtzina beta,P240,Kurtzina beta,23.76249872,38.46325207,25.59897443
Kurtziella plumbea,P241,Kurtziella plumbea,-1.491762136,54.37964055,
Lamprops carinatus,P242,Lamprops carinatus,,-17.81915796,
Lamprops quadriplicatus,P243,Lamprops quadriplicatus,-35.75208603,,
Lanassa sp,P244,Lanassa; all taxa within the genus,5.80909745,-37.3534973,-19.11279504
Lanassa venusta venusta,P244,Lanassa; all taxa within the genus,5.80909745,-37.3534973,-19.11279504
Phisidia sanctaemariae,P244,Lanassa; all taxa within the genus,5.80909745,-37.3534973,-19.11279504
Lanice conchilega,P245,Lanice conchilega,36.96491027,33.32308444,0.237296366
Laonice nuchala,P246,Laonice nuchala,,5.500479692,8.424550003
Laonice cirrata,P247,Laonice cirrata,24.95542079,38.60224094,23.24420628
Leitoscoloplos pugettensis,P248,Leitoscoloplos pugettensis,42.48903888,47.52981375,8.019257679
Lepidasthenia berkeleyae,P249,Lepidasthenia berkeleyae,,35.46855881,42.90226594
Lepidepecreum serraculum,P250,Lepidepecreum serraculum,17.85670666,7.879218932,-23.28679496
Leptochelia dubia,P251,Leptochelia dubia,11.92285577,6.554285981,-22.34027126
Leptochiton rugatus,P252,Leptochiton; all taxa within the genus,,-36.95126509,
Leptochiton sp,P252,Leptochiton; all taxa within the genus,,-36.95126509,
Leptopecten latiauratus,P253,Leptopecten latiauratus,12.48206895,21.57474553,
Leptostylis calva,P254,Leptostylis calva,50.53034316,8.079965115,
Leptostylis abditis,P255,Leptostylis abdidtis,,-21.20209691,
Leucon subnasica,P256,Leucon subnasica,,11.67333962,
Leuroleberis sharpei,P257,Leuroleberis sharpei,-1.981705428,11.20577392,
Levinsenia gracilis,P258,Levinsenia; all taxa within the genus,59.14142863,25.03943492,12.64250872
Levinsenia multibranchiata,P258,Levinsenia; all taxa within the genus,59.14142863,25.03943492,12.64250872
Levinsenia oculata,P258,Levinsenia; all taxa within the genus,59.14142863,25.03943492,12.64250872
Levinsenia sp,P258,Levinsenia; all taxa within the genus,59.14142863,25.03943492,12.64250872
Levinsenia sp B,P258,Levinsenia; all taxa within the genus,59.14142863,25.03943492,12.64250872
Levinsenia sp SD1,P258,Levinsenia; all taxa within the genus,59.14142863,25.03943492,12.64250872
Listriella diffusa,P259,Listriella diffusa,-17.76205967,31.75497132,
Listriella eriopisa,P260,Listriella eriopisa,35.0267077,30.00774061,
Listriella goleta,P261,Listriella goleta,60.71811369,63.09992639,61.73135344
Listriella melanica,P262,Listriella melanica,26.14198007,34.3472833,
Listriolobus hexamyotus,P263,"Listriolobus pelodes, L. hexamyotus",83.85896762,38.60620242,63.69943081
Listriolobus pelodes,P263,"Listriolobus pelodes, L. hexamyotus",83.85896762,38.60620242,63.69943081
Loimia sp A,P264,Loimia sp A SCAMIT 2001,43.06383614,19.85500582,
Lovenia cordiformis,P265,Lovenia cordiformis,-27.14593217,8.470980231,
Lucinisca nuttalli,P266,Lucinisca nuttalli,107.7636406,85.69224389,
Lucinoma annulatum,P267,Lucinoma annulatum,39.36235107,53.29179627,80.05915467
Luidia armata,P268,Luidia; all taxa within the genus,,-18.92590253,
Luidia asthenosoma,P268,Luidia; all taxa within the genus,,-18.92590253,
Luidia foliolata,P268,Luidia; all taxa within the genus,,-18.92590253,
Luidia sp,P268,Luidia; all taxa within the genus,,-18.92590253,
Lumbrinerides platypygos,P269,Lumbrinerides platypygos,-3.065980338,-17.633728,
Eranno bicirrata,P270,"Errano bicirrata, Lumbrineris & Scoletoma; all taxa within the genera",49.38061631,30.22813727,19.07646748
Lumbrineris cruzensis,P270,"Errano bicirrata, Lumbrineris & Scoletoma; all taxa within the genera",49.38061631,30.22813727,19.07646748
Lumbrineris index,P270,"Errano bicirrata, Lumbrineris & Scoletoma; all taxa within the genera",49.38061631,30.22813727,19.07646748
Lumbrineris japonica,P270,"Errano bicirrata, Lumbrineris & Scoletoma; all taxa within the genera",49.38061631,30.22813727,19.07646748
Lumbrineris latreilli,P270,"Errano bicirrata, Lumbrineris & Scoletoma; all taxa within the genera",49.38061631,30.22813727,19.07646748
Lumbrineris limicola,P270,"Errano bicirrata, Lumbrineris & Scoletoma; all taxa within the genera",49.38061631,30.22813727,19.07646748
Lumbrineris lingulata,P270,"Errano bicirrata, Lumbrineris & Scoletoma; all taxa within the genera",49.38061631,30.22813727,19.07646748
Lumbrineris sp,P270,"Errano bicirrata, Lumbrineris & Scoletoma; all taxa within the genera",49.38061631,30.22813727,19.07646748
Lumbrineris sp E,P270,"Errano bicirrata, Lumbrineris & Scoletoma; all taxa within the genera",49.38061631,30.22813727,19.07646748
Lumbrineris sp GROUP I,P270,"Errano bicirrata, Lumbrineris & Scoletoma; all taxa within the genera",49.38061631,30.22813727,19.07646748
Lumbrineris sp GROUP II,P270,"Errano bicirrata, Lumbrineris & Scoletoma; all taxa within the genera",49.38061631,30.22813727,19.07646748
Scoletoma erecta,P270,"Errano bicirrata, Lumbrineris & Scoletoma; all taxa within the genera",49.38061631,30.22813727,19.07646748
Scoletoma sp A,P270,"Errano bicirrata, Lumbrineris & Scoletoma; all taxa within the genera",49.38061631,30.22813727,19.07646748
Scoletoma sp B,P270,"Errano bicirrata, Lumbrineris & Scoletoma; all taxa within the genera",49.38061631,30.22813727,19.07646748
Scoletoma sp C,P270,"Errano bicirrata, Lumbrineris & Scoletoma; all taxa within the genera",49.38061631,30.22813727,19.07646748
Scoletoma tetraura Cmplx,P270,"Errano bicirrata, Lumbrineris & Scoletoma; all taxa within the genera",49.38061631,30.22813727,19.07646748
Lyonsia californica,P271,Lyonsia californica,21.06348347,0.14024519,
Lysippe sp,P272,Lysippe; all taxa within the genus,53.99302805,20.06326651,4.144227263
Lysippe sp A,P272,Lysippe; all taxa within the genus,53.99302805,20.06326651,4.144227263
Lysippe sp B,P272,Lysippe; all taxa within the genus,53.99302805,20.06326651,4.144227263
Lytechinus pictus,P273,Lytechinus pictus,8.008855652,-9.248964496,-16.35877489
Macoma carlottensis,P274,Macoma carlottensis,106.0361264,115.8216699,76.71107875
Macoma nasuta,P275,Macoma nasuta,125.3268155,154.5635555,
Macoma yoldiformis,P276,Macoma yoldiformis,19.72586582,69.99971652,73.70203341
Mactridae,P277,Mactridae; all taxa within the family,17.96820095,,
Mactromeris hemphilli,P277,Mactridae; all taxa within the family,17.96820095,,
Mactrotoma californica,P277,Mactridae; all taxa within the family,17.96820095,,
Maera similis,P278,Maera similis,20.72695838,-22.72199901,-40.30323706
Magelona pitelkai,P279,Magelona pitelkai,,52.91014147,
Magelona sacculata,P280,Magelona sacculata,-8.298830681,32.34393909,
Magelona berkeleyi,P281,Magelona; all taxa within the genus except M. pitelkai or M. sacculata  [Excludes M. sp],26.80840491,29.52482183,-29.05480294
Magelona hartmanae,P281,Magelona; all taxa within the genus except M. pitelkai or M. sacculata  [Excludes M. sp],26.80840491,29.52482183,-29.05480294
Magelona hobsonae,P281,Magelona; all taxa within the genus except M. pitelkai or M. sacculata  [Excludes M. sp],26.80840491,29.52482183,-29.05480294
Magelona longicornis,P281,Magelona; all taxa within the genus except M. pitelkai or M. sacculata  [Excludes M. sp],26.80840491,29.52482183,-29.05480294
Magelona riojai,P281,Magelona; all taxa within the genus except M. pitelkai or M. sacculata  [Excludes M. sp],26.80840491,29.52482183,-29.05480294
Magelona sp A,P281,Magelona; all taxa within the genus except M. pitelkai or M. sacculata  [Excludes M. sp],26.80840491,29.52482183,-29.05480294
Magelona sp B,P281,Magelona; all taxa within the genus except M. pitelkai or M. sacculata  [Excludes M. sp],26.80840491,29.52482183,-29.05480294
Magelona sp SD10,P281,Magelona; all taxa within the genus except M. pitelkai or M. sacculata  [Excludes M. sp],26.80840491,29.52482183,-29.05480294
Magelonidae,P281,Magelona; all taxa within the genus except M. pitelkai or M. sacculata  [Excludes M. sp],26.80840491,29.52482183,-29.05480294
Malacoceros indicus,P282,Malacoceros indicus,,-34.40974342,
Maldane sarsi,P283,Maldane sarsi,18.30797096,9.273021878,17.30947982
Malmgreniella baschi,P284,Malmgreniella baschi,24.33431854,-2.572763377,9.458518486
Malmgreniella scriptoria,P285,Malmgreniella scriptoria,,-0.695429075,-0.049835111
Marphysa disjuncta,P286,Marphysa: all taxa within the genus,34.5888423,23.24032203,41.15004824
Marphysa mortenseni,P286,Marphysa: all taxa within the genus,34.5888423,23.24032203,41.15004824
Marphysa sp,P286,Marphysa: all taxa within the genus,34.5888423,23.24032203,41.15004824
Marphysa stylobranchiata,P286,Marphysa: all taxa within the genus,34.5888423,23.24032203,41.15004824
Mayerella banksia,P287,Mayerella banksia,4.689223221,-15.86540471,-36.98134698
Mediomastus acutus,P288,Mediomastus; all taxa within the genus,96.32479642,59.255275,20.53446279
Mediomastus ambiseta,P288,Mediomastus; all taxa within the genus,96.32479642,59.255275,20.53446279
Mediomastus sp,P288,Mediomastus; all taxa within the genus,96.32479642,59.255275,20.53446279
Megalomma pigmentum,P289,Megalomma pigmentum,8.681513959,21.7969018,
Megasurcula carpenteriana,P290,Megasurcula carpenteriana,,7.159480545,
Balcis berryi,P291,"Balcis, Polygyreulima, Vitriolina; all taxa within the genus",4.102250445,16.45856702,-6.52559234
Balcis micans,P291,"Balcis, Polygyreulima, Vitriolina; all taxa within the genus",4.102250445,16.45856702,-6.52559234
Balcis oldroydae,P291,"Balcis, Polygyreulima, Vitriolina; all taxa within the genus",4.102250445,16.45856702,-6.52559234
Melanella rosa,P291,"Balcis, Polygyreulima, Vitriolina; all taxa within the genus",4.102250445,16.45856702,-6.52559234
Polygireulima rutila,P291,"Balcis, Polygyreulima, Vitriolina; all taxa within the genus",4.102250445,16.45856702,-6.52559234
Pseudosabinella bakeri,P291,"Balcis, Polygyreulima, Vitriolina; all taxa within the genus",4.102250445,16.45856702,-6.52559234
Vitreolina columbiana,P291,"Balcis, Polygyreulima, Vitriolina; all taxa within the genus",4.102250445,16.45856702,-6.52559234
Vitreolina macra,P291,"Balcis, Polygyreulima, Vitriolina; all taxa within the genus",4.102250445,16.45856702,-6.52559234
Vitreolina sp,P291,"Balcis, Polygyreulima, Vitriolina; all taxa within the genus",4.102250445,16.45856702,-6.52559234
Vitreolina yod,P291,"Balcis, Polygyreulima, Vitriolina; all taxa within the genus",4.102250445,16.45856702,-6.52559234
Melanochlamys diomedea,P292,Melanochlamys diomedea,11.67341657,65.1710658,
Melinna heterodonta,P293,Melinna heterodonta,37.35052087,20.79775992,24.66106149
Melinna oculata,P294,Melinna oculata,12.89106574,31.64937815,-2.050292693
Melphisana bola Cmplx,P295,Melphisana bola; all forms referred to under this name,5.336580447,6.017418658,
Mesochaetopterus sp,P296,Mesochaetopterus; all taxa within the genus,,2.540649781,
Mesocrangon munitella,P297,Mesocrangon munitella,4.710339099,,
Mesolamprops bispinosus,P298,Mesolamprops bispinosus,,-0.678327752,
Metaphoxus frequens,P299,Metaphoxus frequens,20.06901074,12.34413645,4.998790636
Metasychis disparidentatus,P300,Metasychis disparidentatus,9.369626141,11.83671469,14.04291142
Metopa dawsoni,P301,Metopa dawsoni,,-21.61745555,
Micropodarke dubia,P302,Micropodarke dubia,50.54668236,54.97026603,
Microspio pigmentata,P303,Microspio pigmentata,,0.004733949,2.42337762
Modiolus neglectus,P304,Modiolus; all taxa within the genus,48.52629068,43.20560275,
Modiolus rectus,P304,Modiolus; all taxa within the genus,48.52629068,43.20560275,
Modiolus sp,P304,Modiolus; all taxa within the genus,48.52629068,43.20560275,
Molpadia intermedia,P305,Molpadia intermedia,,-13.40339476,8.241980915
Deflexilodes enigmaticus,P306,"Monoculodes, Hartmanodes, Pacifoculodes, Deflexilodes, all taxa within the genera",1.26638972,-0.930244318,12.32330058
Deflexilodes norvegicus,P306,"Monoculodes, Hartmanodes, Pacifoculodes, Deflexilodes, all taxa within the genera",1.26638972,-0.930244318,12.32330058
Hartmanodes hartmanae,P306,"Monoculodes, Hartmanodes, Pacifoculodes, Deflexilodes, all taxa within the genera",1.26638972,-0.930244318,12.32330058
Hartmanodes sp,P306,"Monoculodes, Hartmanodes, Pacifoculodes, Deflexilodes, all taxa within the genera",1.26638972,-0.930244318,12.32330058
Hartmanodes sp SD1,P306,"Monoculodes, Hartmanodes, Pacifoculodes, Deflexilodes, all taxa within the genera",1.26638972,-0.930244318,12.32330058
Monoculodes emarginatus,P306,"Monoculodes, Hartmanodes, Pacifoculodes, Deflexilodes, all taxa within the genera",1.26638972,-0.930244318,12.32330058
Monoculodes glyconicus,P306,"Monoculodes, Hartmanodes, Pacifoculodes, Deflexilodes, all taxa within the genera",1.26638972,-0.930244318,12.32330058
Monoculodes latissimanus,P306,"Monoculodes, Hartmanodes, Pacifoculodes, Deflexilodes, all taxa within the genera",1.26638972,-0.930244318,12.32330058
Monoculodes sp,P306,"Monoculodes, Hartmanodes, Pacifoculodes, Deflexilodes, all taxa within the genera",1.26638972,-0.930244318,12.32330058
Mooreonuphis nebulosa,P307,Mooreonuphis nebulosa,-2.828131944,4.455329461,-34.38379541
Mooreonuphis exigua,P308,Mooreonuphis; all taxa within the genus except M. nebulosa  [Exclude M. sp],,-35.36365206,-32.40943032
Mooreonuphis segmentispadix,P308,Mooreonuphis; all taxa within the genus except M. nebulosa  [Exclude M. sp],,-35.36365206,-32.40943032
Mooreonuphis sp SD1,P308,Mooreonuphis; all taxa within the genus except M. nebulosa  [Exclude M. sp],,-35.36365206,-32.40943032
Mooreonuphis sp SD2,P308,Mooreonuphis; all taxa within the genus except M. nebulosa  [Exclude M. sp],,-35.36365206,-32.40943032
Mooreonuphis stigmatis,P308,Mooreonuphis; all taxa within the genus except M. nebulosa  [Exclude M. sp],,-35.36365206,-32.40943032
Mooresamytha bioculata,P309,Mooresamytha bioculata,13.04593243,19.79139148,20.77150196
Munnogonium tillerae,P310,Munnogonium tillerae,,-5.684011081,
Galathowenia pygidialis,P311,Myriochele; all taxa within the genus,-2.075254744,-3.22101506,-2.632939903
Myriochele gracilis,P311,Myriochele; all taxa within the genus,-2.075254744,-3.22101506,-2.632939903
Myriochele sp,P311,Myriochele; all taxa within the genus,-2.075254744,-3.22101506,-2.632939903
Myriochele striolata,P311,Myriochele; all taxa within the genus,-2.075254744,-3.22101506,-2.632939903
Myriowenia californiensis,P312,Myriowenia californiensis,,-15.83529996,
Mysella pedroana,P313,Mysella;  Rochfortia; all taxa within the genera,45.57539881,59.19916384,51.63272568
Mysella sp,P313,Mysella;  Rochfortia; all taxa within the genera,45.57539881,59.19916384,51.63272568
Mysella sp C,P313,Mysella;  Rochfortia; all taxa within the genera,45.57539881,59.19916384,51.63272568
Mysella sp H,P313,Mysella;  Rochfortia; all taxa within the genera,45.57539881,59.19916384,51.63272568
Rochefortia coani,P313,Mysella;  Rochfortia; all taxa within the genera,45.57539881,59.19916384,51.63272568
Rochefortia compressa,P313,Mysella;  Rochfortia; all taxa within the genera,45.57539881,59.19916384,51.63272568
Rochefortia grippi,P313,Mysella;  Rochfortia; all taxa within the genera,45.57539881,59.19916384,51.63272568
Rochefortia mortoni,P313,Mysella;  Rochfortia; all taxa within the genera,45.57539881,59.19916384,51.63272568
Rochefortia sp,P313,Mysella;  Rochfortia; all taxa within the genera,45.57539881,59.19916384,51.63272568
Rochefortia tumida,P313,Mysella;  Rochfortia; all taxa within the genera,45.57539881,59.19916384,51.63272568
Myxicola sp,P314,Myxicola; all taxa within the genus,,0.132528822,
Caesia fossatus,P315,Nassarius fossatus,25.06144623,,
Hinea insculpta,P316,Nassarius insculptus,,,104.990875
Hima mendica,P317,Nassarius mendicus,118.2539708,138.799366,
Caesia perpinguis,P318,Nassarius perpinguis,26.08031522,42.87676536,77.21432531
Neastacilla californica,P319,Neastacilla californica,20.585869,10.46244521,
Nebalia daytoni,P320,Nebalia; all taxa within the genus,-2.995329348,26.04355402,
Nebalia pugettensis Cmplx,P320,Nebalia; all taxa within the genus,-2.995329348,26.04355402,
Nebalia sp,P320,Nebalia; all taxa within the genus,-2.995329348,26.04355402,
Nemocardium centifilosum,P321,Nemocardium centifilosum,,-38.96670257,-5.530190096
Neocrangon zacae,P322,Neocrangon zacae,,-14.63180888,
Neomysis kadiakensis,P323,Neomysis kadiakensis,-2.226782586,11.08429672,
Neosabellaria cementarium,P324,Neosabellaria cementarium,16.79082569,11.0318924,
Neotrypaea gigas,P325,Neotrypaea; all taxa within the genus,45.03495813,38.8534078,4.892888931
Neotrypaea sp,P325,Neotrypaea; all taxa within the genus,45.03495813,38.8534078,4.892888931
Nephtys caecoides,P326,Nephtys caecoides,8.179997241,32.78211413,24.56645556
Nephtys cornuta,P327,Nephtys cornuta,65.2157657,54.36793488,51.34704278
Nephtys ferruginea,P328,Nephtys ferruginea,75.9680568,23.5245141,15.7914796
Nereiphylla sp 2,P329,Nereiphylla; all taxa within the genera,22.18482246,12.69076437,23.66852096
Nereis latescens,P330,Nereis latescens,-3.104799564,,
Nereis sp A,P331,Nereis procera,46.22858951,71.74661089,66.54316361
Glossaulax reclusianus,P332,Neverita reclusiana,29.66979153,57.13686365,54.23314643
Nicippe tumida,P333,Nicippe tumida,,-26.90124175,4.317000833
Ninoe tridentata,P334,Ninoe tridentata,42.01796386,23.23426302,41.57715311
Notocirrus californiensis,P335,Notocirrus californiensis,-1.276255624,4.527492047,
Notomastus latericeus,P336,Notomastus; all taxa within the genus,73.85794779,96.8649181,54.13417922
Notomastus lineatus,P336,Notomastus; all taxa within the genus,73.85794779,96.8649181,54.13417922
Notomastus magnus,P336,Notomastus; all taxa within the genus,73.85794779,96.8649181,54.13417922
Notomastus sp,P336,Notomastus; all taxa within the genus,73.85794779,96.8649181,54.13417922
Notomastus sp A,P336,Notomastus; all taxa within the genus,73.85794779,96.8649181,54.13417922
Notomastus sp SD1,P336,Notomastus; all taxa within the genus,73.85794779,96.8649181,54.13417922
Notomastus sp SD2,P336,Notomastus; all taxa within the genus,73.85794779,96.8649181,54.13417922
Notomastus sp SD3,P336,Notomastus; all taxa within the genus,73.85794779,96.8649181,54.13417922
Notoproctus pacificus,P337,Notoproctus pacificus,,-31.14479301,
Nuculana conceptionis,P338,Nuculana; all taxa within the genus,13.45866887,19.53525469,16.82244169
Nuculana hamata,P338,Nuculana; all taxa within the genus,13.45866887,19.53525469,16.82244169
Nuculana leonina,P338,Nuculana; all taxa within the genus,13.45866887,19.53525469,16.82244169
Nuculana penderi,P338,Nuculana; all taxa within the genus,13.45866887,19.53525469,16.82244169
Nuculana sp,P338,Nuculana; all taxa within the genus,13.45866887,19.53525469,16.82244169
Nuculana sp A,P338,Nuculana; all taxa within the genus,13.45866887,19.53525469,16.82244169
Nuculana taphria,P338,Nuculana; all taxa within the genus,13.45866887,19.53525469,16.82244169
Odontosyllis phosphorea,P339,Odontosyllis phosphorea,31.01104455,38.64416457,
Odostomia astricta,P340,Odostomia; all taxa within the genus,26.95195398,30.06751168,26.88220063
Odostomia eucosmia,P340,Odostomia; all taxa within the genus,26.95195398,30.06751168,26.88220063
Odostomia sp,P340,Odostomia; all taxa within the genus,26.95195398,30.06751168,26.88220063
Odostomia sp SD1,P340,Odostomia; all taxa within the genus,26.95195398,30.06751168,26.88220063
Ogyrides sp A,P341,Ogyrides sp A,-14.1831849,,
Callianax baetica,P342,Olivella baetica,37.51752705,76.63601655,
Onuphis elegans,P343,"Onuphis iridescens, O. elegans,  O. sp A [Exclude O. sp)",19.2449182,29.72580301,35.69446592
Onuphis iridescens,P343,"Onuphis iridescens, O. elegans,  O. sp A [Exclude O. sp)",19.2449182,29.72580301,35.69446592
Onuphis sp A,P343,"Onuphis iridescens, O. elegans,  O. sp A [Exclude O. sp)",19.2449182,29.72580301,35.69446592
Ophelia pulchella,P344,Ophelia pulchella,-20.36807977,,
Ophelina acuminata,P345,Ophelina acuminata,1.863987761,-1.596770219,-11.9910741
Ophiodermella inermis,P346,Ophiodermella; all taxa within the genus,7.143469207,-2.908526387,
Ophiodermella sp,P346,Ophiodermella; all taxa within the genus,7.143469207,-2.908526387,
Ophiura luetkenii,P347,Ophiura luetkenii,,-7.50562025,-21.8499483
Ophiuroconis bispinosa,P348,Ophiuroconis bispinosa,-2.445118918,-17.01899528,-26.67259206
Opisa tridentata,P350,Opisa tridentata,,-5.919608467,2.663963638
Orchomene anaquelus,P351,Orchomene anaquelus,23.11840507,7.753407408,
Orchomenella decipiens,P352,Orchomene decipiens,33.45238432,8.606873676,11.6144463
Orchomenella pacifica,P353,Orchomene pacificus,,,-31.48856594
Orchomenella pinguis,P354,Orchomene pinguis,,29.91965542,
Orthopagurus minimus,P355,Orthopagurus minimus,13.58685544,22.82493554,
Owenia collaris,P356,Owenia collaris; all taxa within the genus,-9.305262724,24.70498179,
Owenia johnsoni,P356,Owenia collaris; all taxa within the genus,-9.305262724,24.70498179,
Oxyurostylis pacifica,P357,Oxyurostylis pacifica,-5.665483685,25.72251419,
Pachynus barnardi,P358,Pachynus barnardi,16.30498218,23.33091217,-19.41325132
Paguristes bakeri,P359,Paguristes bakeri,,55.64245291,
Paguristes turgidus,P360,Paguristes turgidus,,36.46665042,
Pagurus armatus,P361,Pagurus; all taxa within the genus,119.1273247,78.62023257,
Pagurus quaylei,P361,Pagurus; all taxa within the genus,119.1273247,78.62023257,
Pagurus redondoensis,P361,Pagurus; all taxa within the genus,119.1273247,78.62023257,
Pagurus sp,P361,Pagurus; all taxa within the genus,119.1273247,78.62023257,
Pagurus spilocarpus,P361,Pagurus; all taxa within the genus,119.1273247,78.62023257,
Paleanotus bellis,P362,Paleanotus bellis,4.532749053,,
Pandora bilirata,P363,Pandora bilirata,,-10.83429628,
Paradiopatra parva,P365,Paradiopatra parva,10.70258497,-21.64215561,11.83211182
Paradoneis eliasoni,P366,"Paradoneis eliasoni, P. sp",,-12.0936372,
Paradoneis lyra,P366,"Paradoneis eliasoni, P. sp",,-12.0936372,
Paradoneis sp SD1,P366,"Paradoneis eliasoni, P. sp",,-12.0936372,
Paramage scutata,P367,Paramage scutata,21.54351448,-13.79858983,-2.076991614
Parametaphoxus sp 1,P368,Parametaphoxus quaylei,40.51891442,35.78164918,
Paramicrodeutopus schmitti,P369,Paramicrodeutopus schmitti,13.94503594,,
Paranaitis polynoides,P370,Paranaitis polynoides,,40.89690854,
Parandalia fauveli,P371,Parandalia; all taxa within the genus,22.99146343,37.99707291,
Parapagurodes laurentae,P372,Parapagurodes laurentae,,9.536439629,-8.794111409
Paraprionospio alata,P373,Paraprionospio pinnata,10.60791387,21.74618478,38.60814721
Parasterope hulingsi,P374,"Parasterope, Postasterope; all taxa within the genera",,17.86245216,
Postasterope barnesi,P374,"Parasterope, Postasterope; all taxa within the genera",,17.86245216,
Pardaliscella symmetrica,P375,Pardaliscella; all taxa within the genus,,,2.222030672
Parougia caeca,P376,Parougia caeca,35.70997527,72.89191677,
Parvilucina tenuisculpta,P377,Parvilucina tenuisculpta,61.34667965,84.08422587,76.66995032
Pectinaria californiensis,P378,Pectinaria californiensis,40.76374123,28.05438441,31.22891317
Asthenothaerus diegensis,P379,"Asthenothareus, Thracia; all taxa within the genera; and Periploma discus  [Exclude P. sp]",18.79382112,33.78649639,
Periploma discus,P379,"Asthenothareus, Thracia; all taxa within the genera; and Periploma discus  [Exclude P. sp]",18.79382112,33.78649639,
Periploma planiusculum,P379,"Asthenothareus, Thracia; all taxa within the genera; and Periploma discus  [Exclude P. sp]",18.79382112,33.78649639,
Periploma sp,P379,"Asthenothareus, Thracia; all taxa within the genera; and Periploma discus  [Exclude P. sp]",18.79382112,33.78649639,
Thracia sp,P379,"Asthenothareus, Thracia; all taxa within the genera; and Periploma discus  [Exclude P. sp]",18.79382112,33.78649639,
Thracia trapezoides,P379,"Asthenothareus, Thracia; all taxa within the genera; and Periploma discus  [Exclude P. sp]",18.79382112,33.78649639,
Petaloproctus neoborealis,P380,Petaloproctus; all taxa within the genus,,-7.367683511,
Petricola carditoides,P381,Petricola; all taxa within the genus,73.57033491,100.9670695,
Pherusa neopapillata,P382,Pherusa neopapillata,29.33055519,18.96243838,7.809573433
Philine bakeri,P383,Philine bakeri,6.245010382,,
Philine sp A,P384,Philine sp A,34.32750371,12.7258875,
Pholoe glabra,P385,Pholoe glabra,39.88541484,-4.777270258,15.44570488
Pholoides asperus,P386,Pholoides asperus,,-21.14709862,-56.58396036
PHORONA,P387,Phoronida; all taxa within the order,17.85902277,8.07738306,-2.305505107
Phoronis sp,P387,Phoronida; all taxa within the order,17.85902277,8.07738306,-2.305505107
Phoronis sp SD1,P387,Phoronida; all taxa within the order,17.85902277,8.07738306,-2.305505107
Phoronopsis sp,P387,Phoronida; all taxa within the order,17.85902277,8.07738306,-2.305505107
Photis bifurcata,P388,Photis; all taxa within the genus,14.73351922,7.94416839,-9.399154057
Photis brevipes,P388,Photis; all taxa within the genus,14.73351922,7.94416839,-9.399154057
Photis californica,P388,Photis; all taxa within the genus,14.73351922,7.94416839,-9.399154057
Photis cf parvidons,P388,Photis; all taxa within the genus,14.73351922,7.94416839,-9.399154057
Photis chiconola,P388,Photis; all taxa within the genus,14.73351922,7.94416839,-9.399154057
Photis conchicola,P388,Photis; all taxa within the genus,14.73351922,7.94416839,-9.399154057
Photis lacia,P388,Photis; all taxa within the genus,14.73351922,7.94416839,-9.399154057
Photis linearmanus,P388,Photis; all taxa within the genus,14.73351922,7.94416839,-9.399154057
Photis macinerneyi,P388,Photis; all taxa within the genus,14.73351922,7.94416839,-9.399154057
Photis macrotica,P388,Photis; all taxa within the genus,14.73351922,7.94416839,-9.399154057
Photis parvidons,P388,Photis; all taxa within the genus,14.73351922,7.94416839,-9.399154057
Photis sp,P388,Photis; all taxa within the genus,14.73351922,7.94416839,-9.399154057
Photis sp A,P388,Photis; all taxa within the genus,14.73351922,7.94416839,-9.399154057
Photis sp B,P388,Photis; all taxa within the genus,14.73351922,7.94416839,-9.399154057
Photis sp C,P388,Photis; all taxa within the genus,14.73351922,7.94416839,-9.399154057
Photis sp E,P388,Photis; all taxa within the genus,14.73351922,7.94416839,-9.399154057
Photis sp OC1,P388,Photis; all taxa within the genus,14.73351922,7.94416839,-9.399154057
Photis sp SD10,P388,Photis; all taxa within the genus,14.73351922,7.94416839,-9.399154057
Photis sp SD11,P388,Photis; all taxa within the genus,14.73351922,7.94416839,-9.399154057
Photis sp SD12,P388,Photis; all taxa within the genus,14.73351922,7.94416839,-9.399154057
Photis sp SD13,P388,Photis; all taxa within the genus,14.73351922,7.94416839,-9.399154057
Photis sp SD5,P388,Photis; all taxa within the genus,14.73351922,7.94416839,-9.399154057
Photis sp SD7,P388,Photis; all taxa within the genus,14.73351922,7.94416839,-9.399154057
Photis viuda,P388,Photis; all taxa within the genus,14.73351922,7.94416839,-9.399154057
Phyllochaetopterus limicolus,P389,Phyllochaetopterus limicolus,63.51131547,9.374719575,12.84119003
Phyllochaetopterus prolifica,P390,Phyllochaetopterus prolifica,-6.242629952,-17.83293438,
Phyllodoce cuspidata,P391,Phyllodoce; all taxa within the genus,6.245900023,35.74005604,34.88071682
Phyllodoce groenlandica,P391,Phyllodoce; all taxa within the genus,6.245900023,35.74005604,34.88071682
Phyllodoce hartmanae,P391,Phyllodoce; all taxa within the genus,6.245900023,35.74005604,34.88071682
Phyllodoce longipes,P391,Phyllodoce; all taxa within the genus,6.245900023,35.74005604,34.88071682
Phyllodoce medipapillata,P391,Phyllodoce; all taxa within the genus,6.245900023,35.74005604,34.88071682
Phyllodoce pettiboneae,P391,Phyllodoce; all taxa within the genus,6.245900023,35.74005604,34.88071682
Phyllodoce sp,P391,Phyllodoce; all taxa within the genus,6.245900023,35.74005604,34.88071682
Phyllodoce sp SD2,P391,Phyllodoce; all taxa within the genus,6.245900023,35.74005604,34.88071682
Pilargis berkeleyae,P392,Pilargis berkeleyae,49.47488186,43.81797825,
Pinnixa franciscana,P393,Pinnixa franciscana,67.83969821,50.02175834,
Pinnixa hiatus,P394,Pinnixa hiatus,61.61511363,79.0624607,
Pinnixa longipes,P395,Pinnixa longipes,-1.681259745,,
Pinnixa occidentalis Cmplx,P396,Pinnixa occidentalis and P. scamit,39.22764549,24.21555802,41.24702155
Pinnixa tomentosa,P397,Pinnixa tomentosa,21.65780362,,
Pinnixa tubicola,P398,Pinnixa tubicola,20.10712463,22.76130061,
Pionosyllis articulata,P399,Pionosyllis; all taxa within the genus,,-10.13905924,
Pionosyllis sp,P399,Pionosyllis; all taxa within the genus,,-10.13905924,
Pionosyllis sp SD2,P399,Pionosyllis; all taxa within the genus,,-10.13905924,
Piromis sp A,P400,Piromis sp A  Harris 1985,,-10.80638315,
Pista brevibranchiata,P401,Pista brevibranchiata (with synonyms),36.38893627,25.07150697,-2.897097238
Pista wui,P402,Pista disjuncta,19.91804123,36.17715963,30.23348432
Pista moorei,P403,Pista moorei,31.76604653,12.07563686,
Pista estevanica,P404,Pista bansei,27.46743793,9.458794591,-10.34332958
Platynereis bicanaliculata,P405,Platynereis bicanaliculata,5.118047659,32.2186676,
Pleurobranchaea californica,P406,Pleurobranchaea californica,,-14.6526007,
Pleurogonium californiense,P407,Pleurogonium californiense,,-24.63666766,-21.96947325
Pleusymtes subglaber,P408,Pleusymtes subglaber,15.40262513,27.05945981,
Ophiodromus pugettensis,P409,Ophiodromus pugettensis,121.3687183,156.1902168,
Podarkeopsis glabrus,P410,Podarkeopsis glabrus,51.91242322,47.53582185,95.60730207
Podarkeopsis sp A,P411,Podarkeopsis sp A  Velarde & Harris 1987,34.54605869,24.62233394,
Podocerus brasiliensis,P412,Podocerus; all taxa within the genus,,-34.44461151,
Podocerus cristatus,P412,Podocerus; all taxa within the genus,,-34.44461151,
Podocerus fulanus,P412,Podocerus; all taxa within the genus,,-34.44461151,
Podochela hemphillii,P413,Podochela; all taxa within the genus,26.17831662,3.419499312,
Podochela lobifrons,P413,Podochela; all taxa within the genus,26.17831662,3.419499312,
Poecilochaetus johnsoni,P414,Poecilochaetus johnsoni,30.43284893,41.98571214,8.190963955
Poecilochaetus sp A,P415,Poecilochaetus sp A  Martin 1977,33.36921656,16.31851694,
Euspira draconis,P416,Euspira draconis,25.17679218,61.23548488,
Euspira lewisii,P417,Euspira lewisii,,32.76514438,
Eusyllis sp SD2,P417,Euspira lewisii,,32.76514438,
Polycirrus californicus,P418,Polycirrus; all taxa within the genus,-1.050328451,-5.026362925,1.855713517
Polycirrus sp,P418,Polycirrus; all taxa within the genus,-1.050328451,-5.026362925,1.855713517
Polycirrus sp A,P418,Polycirrus; all taxa within the genus,-1.050328451,-5.026362925,1.855713517
Polycirrus sp I,P418,Polycirrus; all taxa within the genus,-1.050328451,-5.026362925,1.855713517
Polycirrus sp III,P418,Polycirrus; all taxa within the genus,-1.050328451,-5.026362925,1.855713517
Polycirrus sp OC1,P418,Polycirrus; all taxa within the genus,-1.050328451,-5.026362925,1.855713517
Polycirrus sp SD1,P418,Polycirrus; all taxa within the genus,-1.050328451,-5.026362925,1.855713517
Polycirrus sp SD3,P418,Polycirrus; all taxa within the genus,-1.050328451,-5.026362925,1.855713517
Polycirrus sp V,P418,Polycirrus; all taxa within the genus,-1.050328451,-5.026362925,1.855713517
Dipolydora akaina,P419,"Polydora, Dipolydora; all taxa within the genera",18.70734419,28.91058323,-0.351760554
Dipolydora barbilla,P419,"Polydora, Dipolydora; all taxa within the genera",18.70734419,28.91058323,-0.351760554
Dipolydora bidentata,P419,"Polydora, Dipolydora; all taxa within the genera",18.70734419,28.91058323,-0.351760554
Dipolydora caulleryi,P419,"Polydora, Dipolydora; all taxa within the genera",18.70734419,28.91058323,-0.351760554
Dipolydora commensalis,P419,"Polydora, Dipolydora; all taxa within the genera",18.70734419,28.91058323,-0.351760554
Dipolydora elegantissima,P419,"Polydora, Dipolydora; all taxa within the genera",18.70734419,28.91058323,-0.351760554
Dipolydora socialis,P419,"Polydora, Dipolydora; all taxa within the genera",18.70734419,28.91058323,-0.351760554
Dipolydora sp,P419,"Polydora, Dipolydora; all taxa within the genera",18.70734419,28.91058323,-0.351760554
Polydora bioccipitalis,P419,"Polydora, Dipolydora; all taxa within the genera",18.70734419,28.91058323,-0.351760554
Polydora cirrosa,P419,"Polydora, Dipolydora; all taxa within the genera",18.70734419,28.91058323,-0.351760554
Polydora cornuta,P419,"Polydora, Dipolydora; all taxa within the genera",18.70734419,28.91058323,-0.351760554
Polydora limicola,P419,"Polydora, Dipolydora; all taxa within the genera",18.70734419,28.91058323,-0.351760554
Polydora sp,P419,"Polydora, Dipolydora; all taxa within the genera",18.70734419,28.91058323,-0.351760554
Polydora sp SD1,P419,"Polydora, Dipolydora; all taxa within the genera",18.70734419,28.91058323,-0.351760554
Potamethus sp A,P420,Potamethus sp A  SCAMIT 1986,32.94795798,-31.0947548,-15.28354364
Prachynella lodo,P421,Prachynella lodo,,19.11906147,23.04431461
Praxillella gracilis,P422,Praxillella; all taxa within the genus,12.96838626,15.64474465,10.41648124
Praxillella pacifica,P422,Praxillella; all taxa within the genus,12.96838626,15.64474465,10.41648124
Praxillura maculata,P423,Praxillura maculata,3.736117373,6.38508424,
Prionospio (Prionospio) dubia,P424,Prionospio dubia and P. jubata,55.50151836,31.4655419,32.6467667
Prionospio (Prionospio) jubata,P424,Prionospio dubia and P. jubata,55.50151836,31.4655419,32.6467667
Prionospio (Prionospio) ehlersi,P425,Prionospio ehlersi,,,36.6384772
Prionospio (Minuspio) lighti,P426,Prionospio lighti ,63.62194079,27.82498934,34.55441197
Procampylaspis caenosa,P427,Procampylaspis caenosa,,-28.01222969,-30.86277411
Proceraea sp,P428,Proceraea; all taxa within the genus,,-5.40650755,
Proclea sp A,P429,Proclea sp A  Harris 1992,,-58.22143263,
Protodorvillea gracilis,P430,Protodorvillea gracilis,-9.264448583,-1.107805428,
Protomedeia articulata Cmplx,P431,Protomedeia; all taxa within the genus,,-9.097478133,-13.02694685
Protomedeia sp,P431,Protomedeia; all taxa within the genus,,-9.097478133,-13.02694685
Callithaca tenerrima,P432,Protothaca; all taxa within the genus,66.47244401,,
Leukoma laciniata,P432,Protothaca; all taxa within the genus,66.47244401,,
Leukoma staminea,P432,Protothaca; all taxa within the genus,66.47244401,,
Venerinae,P432,Protothaca; all taxa within the genus,66.47244401,,
Pyromaia tuberculata,P433,Pyromaia tuberculata,31.56964097,40.27045143,
Randallia ornata,P434,Randallia ornata,18.51804734,23.78594585,
Rhabdus rectius,P435,Rhabdus rectius,34.76501181,41.91850806,29.97804342
Rhachotropis barnardi,P436,Rhachotropis; all taxa within the genus,,-9.355088795,37.45670292
Rhachotropis distincta,P436,Rhachotropis; all taxa within the genus,,-9.355088795,37.45670292
Rhachotropis sp,P436,Rhachotropis; all taxa within the genus,,-9.355088795,37.45670292
Rhachotropis sp A,P436,Rhachotropis; all taxa within the genus,,-9.355088795,37.45670292
Rhamphidonta retifera,P437,Rhamphidonta retifera,,63.50204832,
Rhamphobrachium longisetosum,P438,Rhamphobrachium longisetosum,,-17.79765067,
Rhepoxynius abronius,P439,Rhepoxynius abronius,-33.46012403,,
Rhepoxynius bicuspidatus,P440,Rhepoxynius bicuspidatus,12.52807444,-15.02171629,-16.27075412
Rhepoxynius heterocuspidatus,P441,Rhepoxynius heterocuspidatus,-8.131734036,5.504008029,
Rhepoxynius lucubrans,P442,Rhepoxynius lucubrans,,-20.09270492,
Rhepoxynius menziesi,P443,Rhepoxynius menziesi,-11.77401356,11.25787477,
Rhepoxynius stenodes,P444,Rhepoxynius stenodes,-2.414892347,4.434070391,
Rhepoxynius variatus,P445,Rhepoxynius variatus,-30.81157703,-10.136769,
Rhodine bitorquata,P446,Rhodine bitorquata,,-20.80803768,2.363907399
Rictaxis punctocaelatus,P447,Rictaxis punctocaelatus,74.70224248,76.76971664,63.63993686
Rocinela angustata,P448,Rocinela angustata,,,29.96827554
Rudilemboides sp,P449,Rudilemboides sp A; all taxa within the genus,3.981677467,9.201324182,
Rudilemboides sp A,P449,Rudilemboides sp A; all taxa within the genus,3.981677467,9.201324182,
Rudilemboides sp HYP1,P449,Rudilemboides sp A; all taxa within the genus,3.981677467,9.201324182,
Rudilemboides stenopropodus,P449,Rudilemboides sp A; all taxa within the genus,3.981677467,9.201324182,
Rutiderma chessi,P450,Rutiderma; all taxa within the genus,10.8896961,6.492889287,-15.19649703
Rutiderma hartmanni,P450,Rutiderma; all taxa within the genus,10.8896961,6.492889287,-15.19649703
Rutiderma judayi,P450,Rutiderma; all taxa within the genus,10.8896961,6.492889287,-15.19649703
Rutiderma lomae,P450,Rutiderma; all taxa within the genus,10.8896961,6.492889287,-15.19649703
Rutiderma rostratum,P450,Rutiderma; all taxa within the genus,10.8896961,6.492889287,-15.19649703
Rutiderma rotundum,P450,Rutiderma; all taxa within the genus,10.8896961,6.492889287,-15.19649703
Rutiderma sp,P450,Rutiderma; all taxa within the genus,10.8896961,6.492889287,-15.19649703
Sabellides manriquei,P451,Sabellides manriquei,-15.24105742,-34.57854094,
Samytha californiensis,P452,Samytha californiensis,,-5.733169312,2.674033039
Saxicavella nybakkeni,P453,Saxicavella nybakkeni,35.80478603,12.28777232,23.92716919
Saxicavella pacifica,P454,Saxicavella pacifica,54.81908851,23.69170835,59.5369282
Saxidomus nuttalli,P455,Saxidomus nuttalli,51.10137589,,
Scalibregma californicum,P456,Scalibregma californicum,11.55456535,4.261795211,-10.98325845
Scleroconcha trituberculata,P457,Scleroconcha trituberculata,,,-7.274107317
Scleroplax granulata,P458,Scleroplax granulata,61.16674581,74.45087616,
Scolelepis (Scolelepis) occidentalis,P459,Scolelepis (Scolelepis) occidentalis,,8.458072075,
Scolelepis (Parascolelepis) sp SD1,P460,Scolelepis; all taxa within the genus except S. occidentalis  [Exclude S. sp],7.686148835,18.7128376,
Scolelepis (Parascolelepis) sp SD2,P460,Scolelepis; all taxa within the genus except S. occidentalis  [Exclude S. sp],7.686148835,18.7128376,
Scolelepis (Parascolelepis) tridentata,P460,Scolelepis; all taxa within the genus except S. occidentalis  [Exclude S. sp],7.686148835,18.7128376,
Scolelepis (Scolelepis) squamata,P460,Scolelepis; all taxa within the genus except S. occidentalis  [Exclude S. sp],7.686148835,18.7128376,
Scoloplos armiger Cmplx,P461,Scoloplos armiger; all forms referred to under this name,-1.534809635,-9.159330733,-20.70508025
Heteroserolis carinata,P462,Heteroserolis carinata,13.53871927,-6.580560404,
Sigalion spinosus,P463,Sigalion spinosus,-19.61730239,-12.02379805,
Sigambra tentaculata,P464,Sigambra tentaculata,79.22897814,77.74486378,34.7928056
Sige sp A,P465,Sige sp A  SCAMIT 1995,19.69289882,23.39286631,18.87748714
Siliqua lucida,P466,Siliqua lucida,36.80675045,,
Sinum scopulosum,P467,Sinum scopulosum,37.36307782,29.40374454,
Polyschides quadrifissatus,P468,Siphonodentalium quadrifissatum,,-8.190879292,-5.356182327
Solamen columbianum,P469,Solamen columbianum,22.41365281,4.945947733,
Solariella peramabilis,P470,Solariella peramabilis,,,-58.4148652
Solemya pervernicosa,P470,Solariella peramabilis,,,-58.4148652
Solen rostriformis,P472,Solen; all taxa within the genus,24.667665,27.54546217,
Solen sicarius,P472,Solen; all taxa within the genus,24.667665,27.54546217,
Solen sp,P472,Solen; all taxa within the genus,24.667665,27.54546217,
Sosane occidentalis,P473,Sosane occidentalis and Sosanopsis sp A  SCAMIT 1996,,-53.00857355,
Sphaerosyllis bilineata,P474,Sphaerosyllis; all taxa within the genus,22.69887436,,
Sphaerosyllis californiensis,P474,Sphaerosyllis; all taxa within the genus,22.69887436,,
Sphaerosyllis ranunculus,P474,Sphaerosyllis; all taxa within the genus,22.69887436,,
Sphaerosyllis sp,P474,Sphaerosyllis; all taxa within the genus,22.69887436,,
Sphaerosyllis sp SD2,P474,Sphaerosyllis; all taxa within the genus,22.69887436,,
Spio filicornis,P475,Spio; all taxa within the genus,4.941708495,-19.95649735,-18.32912688
Spio maciolekae,P475,Spio; all taxa within the genus,4.941708495,-19.95649735,-18.32912688
Spio maculata,P475,Spio; all taxa within the genus,4.941708495,-19.95649735,-18.32912688
Spiochaetopterus costarum Cmplx,P476,Spiochaetopterus costarum,36.41178098,54.49154006,16.58774236
Spiophanes berkeleyorum,P477,Spiophanes berkeleyorum,24.19862057,33.7528156,38.76255565
Spiophanes fimbriata,P479,Spiophanes fimbriata (NOW = KIMBALLI),22.35393439,-17.44967325,-2.592158894
Spiophanes kimballi,P479,Spiophanes fimbriata (NOW = KIMBALLI),22.35393439,-17.44967325,-2.592158894
Spiophanes norrisi,P478,Spiophanes fimbriata (NOW = KIMBALLI),-2.309204436,12.05457548,-23.74596506
Spiophanes duplex,P480,Spiophanes duplex,6.131382726,8.546235537,-1.569442646
Spiophanes wigleyi,P481,Spiophanes wigleyi,,,8.464868466
Stenothoides bicoma,P482,Stenothoides bicoma,9.458691665,10.04369511,
Sternaspis fossor,P483,Sternaspis fossor,34.24621797,-17.30122829,-1.457815246
Sthenelais fusca,P484,Sthenelais; all taxa within the genus except S. verruculosa  (Exclude Sthenelais. sp) (Coastal BRI),12.7919895,3.4331896,3.813058287
Sthenelais tertiaglabra,P484,Sthenelais; all taxa within the genus except S. verruculosa  (Exclude Sthenelais. sp) (Coastal BRI),12.7919895,3.4331896,3.813058287
Sthenelais verruculosa,P485,Sthenelais verruculosa (Coastal BRI),-7.501843295,4.954278227,
Sthenelanella uniformis,P486,Sthenelanella uniformis,9.819267244,-6.64920116,-3.411284256
Streblosoma crassibranchia,P487,Streblosoma; all taxa within the genus,40.35243674,25.37803739,17.44703765
Streblosoma pacifica,P487,Streblosoma; all taxa within the genus,40.35243674,25.37803739,17.44703765
Streblosoma sp,P487,Streblosoma; all taxa within the genus,40.35243674,25.37803739,17.44703765
Streblosoma sp B,P487,Streblosoma; all taxa within the genus,40.35243674,25.37803739,17.44703765
Streblosoma sp SD1,P487,Streblosoma; all taxa within the genus,40.35243674,25.37803739,17.44703765
Streblosoma sp SF1,P487,Streblosoma; all taxa within the genus,40.35243674,25.37803739,17.44703765
Stylatula elongata,P488,Stylatula elongata,28.67862145,34.01671295,
Subadyte mexicana,P489,Subadyte mexicana,,-13.3974077,-1.390906161
Sulcoretusa xystrum,P490,Sulcoretusa xystrum,25.43837564,27.83430643,
Typosyllis heterochaeta,P491,Syllis (Ehlersia) heterochaeta,5.102963912,5.754400993,15.1326719
Typosyllis hyperioni,P492,Syllis (Ehlersia) hyperioni,19.94802973,9.168133916,
Typosyllis farallonensis,P493,Syllis (Typosyllis) farallonensis,0.036546085,,
Typosyllis sp SD1,P494,Syllis (Typosyllis); all taxa within the subgenus except S. (T. ) farallonensis  [Exclude S.(T.) sp],7.357108829,14.31270506,102.7251105
Typosyllis sp SD2,P494,Syllis (Typosyllis); all taxa within the subgenus except S. (T. ) farallonensis  [Exclude S.(T.) sp],7.357108829,14.31270506,102.7251105
Typosyllis sp SD3,P494,Syllis (Typosyllis); all taxa within the subgenus except S. (T. ) farallonensis  [Exclude S.(T.) sp],7.357108829,14.31270506,102.7251105
Typosyllis sp SD4,P494,Syllis (Typosyllis); all taxa within the subgenus except S. (T. ) farallonensis  [Exclude S.(T.) sp],7.357108829,14.31270506,102.7251105
Typosyllis sp SD5,P494,Syllis (Typosyllis); all taxa within the subgenus except S. (T. ) farallonensis  [Exclude S.(T.) sp],7.357108829,14.31270506,102.7251105
Typosyllis sp SD6,P494,Syllis (Typosyllis); all taxa within the subgenus except S. (T. ) farallonensis  [Exclude S.(T.) sp],7.357108829,14.31270506,102.7251105
Apodida,P495,"Synaptidae, Chirodotidae; all taxa within the families",4.29168575,-11.24156642,-20.57737782
Chiridota sp,P495,"Synaptidae, Chirodotidae; all taxa within the families",4.29168575,-11.24156642,-20.57737782
Leptosynapta sp,P495,"Synaptidae, Chirodotidae; all taxa within the families",4.29168575,-11.24156642,-20.57737782
Americhelidium rectipalmum,P496,Americhelidium; all taxa within the genus,-6.84977155,29.83102205,11.7438276
Americhelidium shoemakeri,P496,Americhelidium; all taxa within the genus,-6.84977155,29.83102205,11.7438276
Americhelidium shoemakeri Cmplx,P496,Americhelidium; all taxa within the genus,-6.84977155,29.83102205,11.7438276
Americhelidium sp,P496,Americhelidium; all taxa within the genus,-6.84977155,29.83102205,11.7438276
Americhelidium sp SD1,P496,Americhelidium; all taxa within the genus,-6.84977155,29.83102205,11.7438276
Americhelidium sp SD4,P496,Americhelidium; all taxa within the genus,-6.84977155,29.83102205,11.7438276
Synidotea harfordi,P497,Synidotea; all taxa within the genus,5.955769739,13.62057047,
Synidotea magnifica,P497,Synidotea; all taxa within the genus,5.955769739,13.62057047,
Synidotea media,P497,Synidotea; all taxa within the genus,5.955769739,13.62057047,
Synidotea sp,P497,Synidotea; all taxa within the genus,5.955769739,13.62057047,
Syrrhoe sp A,P498,Syrrhoe sp A,,,6.095401984
Tellina cadieni,P499,Tellina carpenteri and T. sp A,36.78471314,51.34421622,49.09942687
Tellina carpenteri,P499,Tellina carpenteri and T. sp A,36.78471314,51.34421622,49.09942687
Tellina idae,P500,Tellina idae,16.60204508,35.48735413,
Tellina modesta,P501,Tellina modesta,-2.983122931,39.48510559,4.193136047
Tenonia priops,P502,Tenonia priops,14.59568312,44.79353511,
Terebellides californica,P503,Terebellides; all taxa within the genus,24.92657518,-6.834567137,0.329964261
Terebellides reishi,P503,Terebellides; all taxa within the genus,24.92657518,-6.834567137,0.329964261
Terebellides sp,P503,Terebellides; all taxa within the genus,24.92657518,-6.834567137,0.329964261
Terebellides sp SD1,P503,Terebellides; all taxa within the genus,24.92657518,-6.834567137,0.329964261
Terebellides sp Type C,P503,Terebellides; all taxa within the genus,24.92657518,-6.834567137,0.329964261
Terebellides sp Type D,P503,Terebellides; all taxa within the genus,24.92657518,-6.834567137,0.329964261
Thelepus setosus,P504,Thelepus setosus,,12.84146844,
Thesea sp B,P505,Thesea sp B,,-3.635579365,
Thyasira flexuosa,P506,Thyasira flexuosa,39.96849165,45.54123266,42.65485659
Tiron biocellata,P507,Tiron biocellata,7.912381185,14.58120772,
Trachycardium quadragenarium,P508,Trachycardium quadragenarium,18.73795606,10.96052177,
Travisia brevis,P510,Travisia brevis,,-37.02607435,-11.48983644
Tritella pilimana,P511,Tritella pilimana,,-14.47132975,
Turbonilla sp,P512,Turbonilla; all taxa within the genus,46.14974711,45.78198314,13.63558838
Turbonilla sp A,P512,Turbonilla; all taxa within the genus,46.14974711,45.78198314,13.63558838
Turbonilla sp SD1,P512,Turbonilla; all taxa within the genus,46.14974711,45.78198314,13.63558838
Turbonilla sp SD2,P512,Turbonilla; all taxa within the genus,46.14974711,45.78198314,13.63558838
Turbonilla sp SD5,P512,Turbonilla; all taxa within the genus,46.14974711,45.78198314,13.63558838
Turbonilla sp SD6,P512,Turbonilla; all taxa within the genus,46.14974711,45.78198314,13.63558838
Turbonilla sp SD7,P512,Turbonilla; all taxa within the genus,46.14974711,45.78198314,13.63558838
Turbonilla sp SD8,P512,Turbonilla; all taxa within the genus,46.14974711,45.78198314,13.63558838
Turbonilla sp SD9,P512,Turbonilla; all taxa within the genus,46.14974711,45.78198314,13.63558838
Upogebia lepta,P513,Upogebia; all taxa within the genus,,1.002959312,
Urothoe elegans Cmplx,P514,Urothoe varvarini,,-41.71155813,-41.88029788
Vargula tsujii,P515,Vargula tsujii,,0.035164936,
Vitrinella sp,P516,Vitrinella; all taxa within the genus,,61.32097341,
Volvulella californica,P517,Volvulella californica,,-11.55379215,-0.632519989
Volvulella cylindrica,P518,Volvulella cylindrica,-2.705683726,12.91224218,
Volvulella panamica,P519,Volvulella panamica,51.06572368,31.79985662,22.6181136
Westwoodilla tone,P520,Westwoodilla caecula,40.41873125,17.58196328,2.473817932
